Plate,Measure,Row,Col_5,Col_6,Col_7,Blank,ID,Block,Sex,Diet,DOB,Regimen,Weight,Fat_Scores_Dorsal,Fat_Scores_Pelvic,days_since_1st_trt,days_since_2nd_trt,days_since_1st_D_or_A,days_since_1st_D_inj,vax_history,blank_avg,blank_sd,cutoff_new,age_lab,Env,grid,age_wild,repro,body_length_mm,ticks_total,fleas,mites,Testes,H_poly,Pinworms,Cestode,repro_bin,Col_5_bcen,Col_6_bcen,Col_7_bcen,Col_5_avg,Col_6_avg,Col_7_avg,OD_avg,OD,Fat_Scores_Sum,boost,ishigh,ismale,isrepro,isadult,islab,isvax,isHp,nHp
18,1,G,2.59,2.005,1.397,0.069,1,1,M,Low,20/01/2018,SC,21.5,,,35,14,35,35,DA,0.075375,0.00526274,0.091163219,135,Lab,,,,,0,0,0,0.0,0,0,0,Non-Reproductive,2.514625,1.929625,1.321625,2.4205,1.9075,1.34,1.889333333,1.889333333,,0,0,1,0,1,1,1,0,0
9,1,D,2.498,2.189,1.762,0.079,2,1,M,Low,20/01/2018,ST,22.0,4.0,4,22,1,22,22,DD,0.076625,0.012129509,0.113013528,122,Lab,,,,,0,0,0,0.0,0,0,0,Non-Reproductive,2.421375,2.112375,1.685375,2.358875,2.095375,1.671875,2.042041667,2.042041667,8.0,1,0,1,0,1,1,1,0,0
11,1,G,2.981,2.674,2.439,0.069,2,1,M,Low,20/01/2018,ST,22.5,,,35,14,35,35,DD,0.07225,0.010525479,0.103826438,135,Lab,,,,,0,0,0,0.0,0,0,0,Non-Reproductive,2.90875,2.60175,2.36675,2.8465,2.646,2.4385,2.643666667,2.643666667,,1,0,1,0,1,1,1,0,0
27,1,G,0.888,0.537,0.355,0.107,2,1,M,Low,20/01/2018,ST,21.5,3.0,4,14,,14,14,D,0.10875,0.015809129,0.156177388,114,Lab,,,,,0,0,0,0.0,0,0,0,Non-Reproductive,0.77925,0.42825,0.24625,0.798875,0.439375,0.253875,0.497375,0.497375,7.0,0,0,1,0,1,1,1,0,0
36,1,E,2.042,1.613,1.112,0.087,2,1,M,Low,20/01/2018,ST,21.5,3.0,4,17,,17,17,D,0.111875,0.026297406,0.190767219,117,Lab,,,,,0,0,0,0.0,0,0,0,Non-Reproductive,1.930125,1.501125,1.000125,1.967875,1.524875,1.004875,1.499208333,1.499208333,7.0,0,0,1,0,1,1,1,0,0
4,1,C,1.362,0.912,0.538,0.061,3,1,M,Low,20/01/2018,PC,23.0,,,35,14,14,14,AD,0.0685,0.01011364,0.09884092,135,Lab,,,,,0,0,0,0.0,0,0,0,Non-Reproductive,1.2935,0.8435,0.4695,1.2908125,0.8438125,0.4743125,0.869645833,0.869645833,,0,0,1,0,1,1,1,0,0
5,1,F,0.049,0.06,0.054,0.075,3,1,M,Low,20/01/2018,PC,22.0,3.0,4,17,,17,,A,0.0635,0.006824326,0.083972979,117,Lab,,,,,0,0,0,0.0,0,0,0,Non-Reproductive,-0.0145,-0.0035,-0.0095,-0.006125,-0.006125,-0.007625,-0.006625,0.0,7.0,0,0,1,0,1,1,0,0,0
16,1,H,0.063,0.071,0.066,0.084,3,1,M,Low,20/01/2018,PC,22.0,3.0,4,14,,14,,A,0.0745,0.005042675,0.089628025,114,Lab,,,,,0,0,0,0.0,0,0,0,Non-Reproductive,-0.0115,-0.0035,-0.0085,-0.004875,0.002625,-0.003875,-0.002041667,0.0,7.0,0,0,1,0,1,1,0,0,0
5,1,H,1.04,0.638,0.36,0.066,4,1,M,Low,18/02/2018,PC,25.0,,,35,14,14,14,AD,0.0635,0.006824326,0.083972979,106,Lab,,,,,0,0,0,0.0,0,0,0,Non-Reproductive,0.9765,0.5745,0.2965,0.958375,0.561375,0.301375,0.607041667,0.607041667,,0,0,1,0,1,1,1,0,0
27,1,F,0.066,0.086,0.066,0.102,4,1,M,Low,18/02/2018,PC,23.5,3.0,4,14,,14,,A,0.10875,0.015809129,0.156177388,85,Lab,,,,,0,0,0,0.0,0,0,0,Non-Reproductive,-0.04275,-0.02275,-0.04275,-0.030625,-0.023125,-0.031625,-0.028458333,0.0,7.0,0,0,1,0,1,1,0,0,0
1,1,F,1.593,1.051,0.662,0.067,5,1,M,Low,18/02/2018,ST,24.5,4.0,4,17,,17,17,D,0.070375,0.003925648,0.082151945,88,Lab,,,,,0,0,0,0.0,0,0,0,Non-Reproductive,1.522625,0.980625,0.591625,1.4704375,0.9734375,0.5879375,1.010604167,1.010604167,8.0,0,0,1,0,1,1,1,0,0
18,1,C,2.148,1.603,1.03,0.076,5,1,M,Low,18/02/2018,ST,25.0,4.0,5,22,1,22,22,DD,0.075375,0.00526274,0.091163219,93,Lab,,,,,0,0,0,0.0,0,0,0,Non-Reproductive,2.072625,1.527625,0.954625,2.0505,1.527,0.9415,1.506333333,1.506333333,9.0,1,0,1,0,1,1,1,0,0
27,1,H,2.567,2.239,1.726,0.094,5,1,M,Low,18/02/2018,ST,28.5,,,35,14,35,35,DD,0.10875,0.015809129,0.156177388,106,Lab,,,,,0,0,0,0.0,0,0,0,Non-Reproductive,2.45825,2.13025,1.61725,2.488375,2.126875,1.638875,2.084708333,2.084708333,,1,0,1,0,1,1,1,0,0
32,1,D,1.093,0.712,0.429,0.108,5,1,M,Low,18/02/2018,ST,24.5,4.0,4,14,,14,14,D,0.11925,0.017685749,0.172307247,85,Lab,,,,,0,0,0,0.0,0,0,0,Non-Reproductive,0.97375,0.59275,0.30975,0.979375,0.601375,0.315375,0.632041667,0.632041667,8.0,0,0,1,0,1,1,1,0,0
7,1,E,1.53,1.107,0.711,0.079,6,1,M,Low,07/03/2018,SC,23.5,4.0,4,14,,14,14,D,0.070125,0.006174545,0.088648634,68,Lab,,,,,0,0,0,0.0,0,0,0,Non-Reproductive,1.459875,1.036875,0.640875,1.465125,1.033125,0.649125,1.049125,1.049125,8.0,0,0,1,0,1,1,1,0,0
10,1,G,1.756,1.178,0.611,0.066,6,1,M,Low,07/03/2018,SC,25.0,,,35,14,35,35,DA,0.07225,0.006341473,0.09127442,89,Lab,,,,,0,0,0,0.0,0,0,0,Non-Reproductive,1.68375,1.10575,0.53875,1.70575,1.14625,0.54725,1.133083333,1.133083333,,0,0,1,0,1,1,1,0,0
19,1,D,1.56,1.077,0.661,0.118,6,1,M,Low,07/03/2018,SC,23.5,4.0,4,17,,17,17,D,0.120375,0.011500776,0.154877329,71,Lab,,,,,0,0,0,0.0,0,0,0,Non-Reproductive,1.439625,0.956625,0.540625,1.4240625,0.9390625,0.5460625,0.969729167,0.969729167,8.0,0,0,1,0,1,1,1,0,0
30,1,F,1.824,1.266,0.808,0.089,6,1,M,Low,07/03/2018,SC,26.0,4.0,4,22,1,22,22,DA,0.090375,0.018376518,0.145504555,76,Lab,,,,,0,0,0,0.0,0,0,0,Non-Reproductive,1.733625,1.175625,0.717625,1.7385,1.172,0.7235,1.211333333,1.211333333,8.0,0,0,1,0,1,1,1,0,0
8,1,C,1.727,1.245,0.947,0.059,7,1,M,Low,07/03/2018,SC,25.5,,,35,14,35,35,DA,0.06375,0.005650537,0.080701612,89,Lab,,,,,0,0,0,0.0,0,0,0,Non-Reproductive,1.66325,1.18125,0.88325,1.61875,1.13975,0.86225,1.206916667,1.206916667,,0,0,1,0,1,1,1,0,0
15,1,E,1.909,1.347,0.94,0.182,7,1,M,Low,07/03/2018,SC,24.5,4.0,4,17,,17,17,D,0.1055,0.037496667,0.21799,71,Lab,,,,,0,0,0,0.0,0,0,0,Non-Reproductive,1.8035,1.2415,0.8345,1.82675,1.25925,0.84875,1.311583333,1.311583333,8.0,0,0,1,0,1,1,1,0,0
33,1,G,0.857,0.514,0.323,0.08,7,1,M,Low,07/03/2018,SC,24.5,4.0,4,14,,14,14,D,0.10625,0.034656477,0.210219432,68,Lab,,,,,0,0,0,0.0,0,0,0,Non-Reproductive,0.75075,0.40775,0.21675,0.76025,0.42575,0.23075,0.47225,0.47225,8.0,0,0,1,0,1,1,1,0,0
10,1,F,0.054,0.046,0.054,0.079,8,1,M,Low,20/01/2018,PC,24.0,3.0,3,17,,17,,A,0.07225,0.006341473,0.09127442,117,Lab,,,,,0,0,0,0.0,0,0,0,Non-Reproductive,-0.01825,-0.02625,-0.01825,-0.01525,-0.02475,-0.01725,-0.019083333,0.0,6.0,0,0,1,0,1,1,0,0,0
17,1,F,0.071,0.119,0.074,0.062,8,1,M,Low,20/01/2018,PC,24.0,3.0,3,14,,14,,A,0.071125,0.00653425,0.090727751,114,Lab,,,,,0,0,0,0.0,0,0,0,Non-Reproductive,-0.000125,0.047875,0.002875,-0.0096875,0.0128125,-0.0076875,-0.001520833,0.0,6.0,0,0,1,0,1,1,0,0,0
25,1,E,1.732,1.163,0.757,0.093,8,1,M,Low,20/01/2018,PC,23.0,,,35,14,14,14,AD,0.10875,0.014801062,0.153153185,135,Lab,,,,,0,0,0,0.0,0,0,0,Non-Reproductive,1.62325,1.05425,0.64825,1.68725,1.11725,0.67275,1.159083333,1.159083333,,0,0,1,0,1,1,1,0,0
33,1,H,0.085,0.099,0.087,0.097,8,1,M,Low,20/01/2018,PC,23.0,3.0,4,22,1,1,1,AD,0.10625,0.034656477,0.210219432,122,Lab,,,,,0,0,0,0.0,0,0,0,Non-Reproductive,-0.02125,-0.00725,-0.01925,-0.01575,-0.01925,-0.01075,-0.01525,0.0,7.0,0,0,1,0,1,1,1,0,0
1,1,C,1.9,1.456,0.992,0.066,9,1,M,Low,,ST,22.0,3.0,4,17,,17,17,D,0.070375,0.003925648,0.082151945,,Lab,,,,,0,0,0,0.0,0,0,0,Non-Reproductive,1.829625,1.385625,0.921625,1.8179375,1.3634375,0.9029375,1.3614375,1.3614375,7.0,0,0,1,0,1,1,1,0,0
9,1,G,2.737,2.546,2.354,0.081,9,1,M,Low,,ST,22.0,,,35,14,35,35,DD,0.076625,0.012129509,0.113013528,,Lab,,,,,0,0,0,0.0,0,0,0,Non-Reproductive,2.660375,2.469375,2.277375,2.655875,2.386375,2.308875,2.450375,2.450375,,1,0,1,0,1,1,1,0,0
28,1,H,1.623,1.18,0.775,0.131,9,1,M,Low,,ST,22.0,3.0,4,22,1,22,22,DD,0.11625,0.01454795,0.159893851,,Lab,,,,,0,0,0,0.0,0,0,0,Non-Reproductive,1.50675,1.06375,0.65875,1.5565,1.0765,0.6735,1.102166667,1.102166667,7.0,1,0,1,0,1,1,1,0,0
23,1,G,2.116,1.618,1.215,0.438,10,1,M,High,19/02/2018,SC,19.5,3.0,3,14,,14,14,D,0.4355,0.13659429,0.845282869,84,Lab,,,,,0,0,0,0.0,0,0,0,Non-Reproductive,1.6805,1.1825,0.7795,1.6916875,1.2186875,0.7921875,1.2341875,1.2341875,6.0,0,1,1,0,1,1,1,0,0
28,1,F,1.861,1.614,1.162,0.132,10,1,M,High,19/02/2018,SC,19.5,3.0,3,17,,17,17,D,0.11625,0.01454795,0.159893851,87,Lab,,,,,0,0,0,0.0,0,0,0,Non-Reproductive,1.74475,1.49775,1.04575,1.7915,1.511,1.063,1.455166667,1.455166667,6.0,0,1,1,0,1,1,1,0,0
31,1,F,2.603,2.298,1.92,0.087,10,1,M,High,19/02/2018,SC,23.5,,,35,14,35,35,DA,0.09675,0.026537036,0.176361108,105,Lab,,,,,0,0,0,0.0,0,0,0,Non-Reproductive,2.50625,2.20125,1.82325,2.5565,2.2195,1.8585,2.2115,2.2115,,0,1,1,0,1,1,1,0,0
32,1,F,2.423,2.039,1.499,0.141,10,1,M,High,19/02/2018,SC,21.0,4.0,5,22,1,22,22,DA,0.11925,0.017685749,0.172307247,92,Lab,,,,,0,0,0,0.0,0,0,0,Non-Reproductive,2.30375,1.91975,1.37975,2.338875,1.896375,1.397375,1.877541667,1.877541667,9.0,0,1,1,0,1,1,1,0,0
5,1,E,0.145,0.11,0.072,0.054,11,1,M,High,18/02/2018,PC,26.0,4.0,5,14,,14,,A,0.0635,0.006824326,0.083972979,85,Lab,,,,,0,0,0,0.0,0,0,0,Non-Reproductive,0.0815,0.0465,0.0085,0.039375,0.023875,-0.003125,0.020041667,0.0,9.0,0,1,1,0,1,1,0,0,0
6,1,C,1.085,0.695,0.42,0.063,11,1,M,High,18/02/2018,PC,26.5,,,35,14,14,14,AD,0.063875,0.007548652,0.086520955,106,Lab,,,,,0,0,0,0.0,0,0,0,Non-Reproductive,1.021125,0.631125,0.356125,1.03125,0.63025,0.36325,0.674916667,0.674916667,,0,1,1,0,1,1,1,0,0
14,1,E,0.058,0.056,0.06,0.07,11,1,M,High,18/02/2018,PC,25.5,4.0,5,22,1,1,1,AD,0.071,0.005554921,0.087664762,93,Lab,,,,,0,0,0,0.0,0,0,0,Non-Reproductive,-0.013,-0.015,-0.011,-0.010875,-0.013875,-0.010375,-0.011708333,0.0,9.0,0,1,1,0,1,1,1,0,0
9,1,E,2.031,1.493,1.013,0.061,12,1,M,High,19/02/2018,ST,21.5,3.0,3,17,,17,17,D,0.076625,0.012129509,0.113013528,87,Lab,,,,,0,0,0,0.0,0,0,0,Non-Reproductive,1.954375,1.416375,0.936375,1.927375,1.423875,0.941875,1.431041667,1.431041667,6.0,0,1,1,0,1,1,1,0,0
10,1,H,1.662,1.202,0.769,0.07,12,1,M,High,19/02/2018,ST,21.5,3.0,3,14,,14,14,D,0.07225,0.006341473,0.09127442,84,Lab,,,,,0,0,0,0.0,0,0,0,Non-Reproductive,1.58975,1.12975,0.69675,1.58225,1.14025,0.69775,1.140083333,1.140083333,6.0,0,1,1,0,1,1,1,0,0
33,1,C,3.163,2.819,2.546,0.116,12,1,M,High,19/02/2018,ST,26.5,,,35,14,35,35,DD,0.10625,0.034656477,0.210219432,105,Lab,,,,,0,0,0,0.0,0,0,0,Non-Reproductive,3.05675,2.71275,2.43975,2.98125,2.72525,2.42325,2.709916667,2.709916667,,1,1,1,0,1,1,1,0,0
35,1,D,2.355,1.94,1.382,0.105,12,1,M,High,19/02/2018,ST,23.0,4.0,4,22,1,22,22,DD,0.118125,0.0155236,0.164695799,92,Lab,,,,,0,0,0,0.0,0,0,0,Non-Reproductive,2.236875,1.821875,1.263875,2.2543125,1.8268125,1.2743125,1.785145833,1.785145833,8.0,1,1,1,0,1,1,1,0,0
4,1,D,0.053,0.056,0.05,0.066,13,1,M,High,07/03/2018,PC,31.5,4.0,5,17,,17,,A,0.0685,0.01011364,0.09884092,71,Lab,,,,,0,0,0,0.0,0,0,0,Non-Reproductive,-0.0155,-0.0125,-0.0185,-0.0176875,-0.0151875,-0.0186875,-0.0171875,0.0,9.0,0,1,1,0,1,1,0,0,0
21,1,H,1.028,0.699,0.436,0.096,13,1,M,High,07/03/2018,PC,34.0,,,35,14,14,14,AD,0.0935,0.007230886,0.115192658,89,Lab,,,,,0,0,0,0.0,0,0,0,Non-Reproductive,0.9345,0.6055,0.3425,0.97775,0.61675,0.35025,0.64825,0.64825,,0,1,1,0,1,1,1,0,0
29,1,E,0.066,0.075,0.077,0.095,13,1,M,High,07/03/2018,PC,31.5,4.0,5,14,,14,,A,0.110375,0.028218219,0.195029656,68,Lab,,,,,0,0,0,0.0,0,0,0,Non-Reproductive,-0.044375,-0.035375,-0.033375,-0.033125,-0.027125,-0.024125,-0.028125,0.0,9.0,0,1,1,0,1,1,0,0,0
37,1,D,1.007,0.63,0.398,0.083,14,1,M,High,07/03/2018,ST,21.5,3.0,4,14,,14,14,D,0.107375,0.037450682,0.219727046,68,Lab,,,,,0,0,0,0.0,0,0,0,Non-Reproductive,0.899625,0.522625,0.290625,0.9046875,0.5336875,0.2871875,0.5751875,0.5751875,7.0,0,1,1,0,1,1,1,0,0
13,1,D,2.252,1.862,1.357,0.077,15,1,M,High,20/01/2018,SC,28.5,,,35,14,35,35,DA,0.0785,0.005154748,0.093964244,135,Lab,,,,,0,0,0,0.0,0,0,0,Non-Reproductive,2.1735,1.7835,1.2785,2.1779375,1.8524375,1.2994375,1.776604167,1.776604167,,0,1,1,0,1,1,1,0,0
22,1,C,1.59,1.189,0.977,0.695,15,1,M,High,20/01/2018,SC,26.5,3.0,4,14,,14,14,D,0.659375,0.040305751,0.780292253,114,Lab,,,,,0,0,0,0.0,0,0,0,Non-Reproductive,0.930625,0.529625,0.317625,0.9186875,0.4891875,0.3166875,0.574854167,0.0,7.0,0,1,1,0,1,1,1,0,0
28,1,G,1.353,0.927,0.623,0.119,15,1,M,High,20/01/2018,SC,26.5,3.0,4,17,,17,17,D,0.11625,0.01454795,0.159893851,117,Lab,,,,,0,0,0,0.0,0,0,0,Non-Reproductive,1.23675,0.81075,0.50675,1.278,0.858,0.5255,0.887166667,0.887166667,7.0,0,1,1,0,1,1,1,0,0
4,1,G,1.075,0.651,0.38,0.079,16,1,M,High,29/01/2018,SC,21.5,3.0,4,14,,14,14,D,0.0685,0.01011364,0.09884092,105,Lab,,,,,0,0,0,0.0,0,0,0,Non-Reproductive,1.0065,0.5825,0.3115,1.0138125,0.5908125,0.3148125,0.6398125,0.6398125,7.0,0,1,1,0,1,1,1,0,0
22,1,F,1.453,1.102,0.886,0.664,16,1,M,High,29/01/2018,SC,21.5,3.0,4,17,,17,17,D,0.659375,0.040305751,0.780292253,108,Lab,,,,,0,0,0,0.0,0,0,0,Non-Reproductive,0.793625,0.442625,0.226625,0.7961875,0.4446875,0.2346875,0.491854167,0.0,7.0,0,1,1,0,1,1,1,0,0
25,1,F,1.504,0.992,0.586,0.134,16,1,M,High,29/01/2018,SC,23.5,,,35,14,35,35,DA,0.10875,0.014801062,0.153153185,126,Lab,,,,,0,0,0,0.0,0,0,0,Non-Reproductive,1.39525,0.88325,0.47725,1.40025,0.86775,0.49675,0.921583333,0.921583333,,0,1,1,0,1,1,1,0,0
9,1,F,1.912,1.539,1.081,0.066,17,1,M,High,29/01/2018,ST,35.5,,,35,14,35,35,DD,0.076625,0.012129509,0.113013528,126,Lab,,,,,0,0,0,0.0,0,0,0,Non-Reproductive,1.835375,1.462375,1.004375,1.886375,1.469375,0.995375,1.450375,1.450375,,1,1,1,0,1,1,1,0,0
25,1,D,0.435,0.291,0.196,0.095,17,1,M,High,29/01/2018,ST,30.0,4.5,5,14,,14,14,D,0.10875,0.014801062,0.153153185,105,Lab,,,,,0,0,0,0.0,0,0,0,Non-Reproductive,0.32625,0.18225,0.08725,0.31475,0.20475,0.08325,0.200916667,0.200916667,9.5,0,1,1,0,1,1,1,0,0
9,1,H,1.293,0.814,0.517,0.081,18,1,M,High,29/01/2018,PC,24.0,,,35,14,14,14,AD,0.076625,0.012129509,0.113013528,126,Lab,,,,,0,0,0,0.0,0,0,0,Non-Reproductive,1.216375,0.737375,0.440375,1.194875,0.752875,0.457875,0.801875,0.801875,,0,1,1,0,1,1,1,0,0
16,1,C,0.059,0.059,0.056,0.075,18,1,M,High,29/01/2018,PC,22.5,3.0,4,17,,17,,A,0.0745,0.005042675,0.089628025,108,Lab,,,,,0,0,0,0.0,0,0,0,Non-Reproductive,-0.0155,-0.0155,-0.0185,-0.013875,-0.013875,-0.015875,-0.014541667,0.0,7.0,0,1,1,0,1,1,0,0,0
35,1,G,0.065,0.072,0.072,0.108,18,1,M,High,29/01/2018,PC,22.5,3.0,4,14,,14,,A,0.118125,0.0155236,0.164695799,105,Lab,,,,,0,0,0,0.0,0,0,0,Non-Reproductive,-0.053125,-0.046125,-0.046125,-0.0326875,-0.0271875,-0.0276875,-0.0291875,0.0,7.0,0,1,1,0,1,1,0,0,0
8,1,D,1.369,0.94,0.638,0.06,19,1,F,Low,20/01/2018,SC,18.5,3.0,3,14,,14,14,D,0.06375,0.005650537,0.080701612,114,Lab,,,,,0,0,0,0.0,0,0,0,Non-Reproductive,1.30525,0.87625,0.57425,1.30225,0.88325,0.57175,0.919083333,0.919083333,6.0,0,0,0,0,1,1,1,0,0
20,1,H,2.939,2.833,2.646,0.11,19,1,F,Low,20/01/2018,SC,20.0,,,35,14,35,35,DA,0.12075,0.053742109,0.281976327,135,Lab,,,,,0,0,0,0.0,0,0,0,Non-Reproductive,2.81825,2.71225,2.52525,2.7738125,2.6903125,2.4783125,2.647479167,2.647479167,,0,0,0,0,1,1,1,0,0
23,1,D,2.744,2.223,1.542,0.353,19,1,F,Low,20/01/2018,SC,18.5,3.0,3,17,,17,17,D,0.4355,0.13659429,0.845282869,117,Lab,,,,,0,0,0,0.0,0,0,0,Non-Reproductive,2.3085,1.7875,1.1065,2.2721875,1.7391875,1.1891875,1.733520833,1.733520833,6.0,0,0,0,0,1,1,1,0,0
24,1,H,3.024,2.599,2.861,0.551,19,1,F,Low,20/01/2018,SC,18.5,4.0,3,22,1,22,22,DA,0.5945,0.209919713,1.224259138,122,Lab,,,,,0,0,0,0.0,0,0,0,Non-Reproductive,2.4295,2.0045,2.2665,2.55775,2.03525,2.23975,2.277583333,2.277583333,7.0,0,0,0,0,1,1,1,0,0
13,1,F,2.484,2.396,1.931,0.073,20,1,F,Low,19/01/2018,ST,17.0,3.0,3,14,,14,14,D,0.0785,0.005154748,0.093964244,115,Lab,,,,,0,0,0,0.0,0,0,0,Non-Reproductive,2.4055,2.3175,1.8525,2.4579375,2.3744375,1.8769375,2.2364375,2.2364375,6.0,0,0,0,0,1,1,1,0,0
23,1,E,3.31,3.124,2.817,0.314,20,1,F,Low,19/01/2018,ST,17.0,3.0,4,22,1,22,22,DD,0.4355,0.13659429,0.845282869,123,Lab,,,,,0,0,0,0.0,0,0,0,Non-Reproductive,2.8745,2.6885,2.3815,2.8456875,2.6841875,2.3801875,2.6366875,2.6366875,7.0,1,0,0,0,1,1,1,0,0
23,1,H,3.682,3.587,3.288,0.453,20,1,F,Low,19/01/2018,ST,17.5,,,35,14,35,35,DD,0.4355,0.13659429,0.845282869,136,Lab,,,,,0,0,0,0.0,0,0,0,Non-Reproductive,3.2465,3.1515,2.8525,3.1281875,3.0336875,2.7671875,2.976354167,2.976354167,,1,0,0,0,1,1,1,0,0
24,1,E,3.188,2.925,2.718,0.469,20,1,F,Low,19/01/2018,ST,17.0,3.0,3,17,,17,17,D,0.5945,0.209919713,1.224259138,118,Lab,,,,,0,0,0,0.0,0,0,0,Non-Reproductive,2.5935,2.3305,2.1235,2.63225,2.40425,2.16375,2.400083333,2.400083333,6.0,0,0,0,0,1,1,1,0,0
3,1,G,1.783,1.365,0.814,0.07,21,1,F,Low,19/01/2018,PC,20.0,,,35,14,14,14,AD,0.085875,0.035686882,0.192935647,136,Lab,,,,,0,0,0,0.0,0,0,0,Non-Reproductive,1.697125,1.279125,0.728125,1.6879375,1.2554375,0.7284375,1.2239375,1.2239375,,0,0,0,0,1,1,1,0,0
4,1,F,2.598,2.495,2.63,0.061,24,1,F,Low,26/02/2018,ST,22.0,,,35,14,35,35,DD,0.0685,0.01011364,0.09884092,98,Lab,,,,,0,0,0,0.0,0,0,0,Non-Reproductive,2.5295,2.4265,2.5615,2.4918125,2.4283125,2.5378125,2.485979167,2.485979167,,1,0,0,0,1,1,1,0,0
2,1,G,0.104,0.076,0.067,0.063,25,1,F,Low,19/02/2018,PC,21.0,3.0,4,17,,17,,A,0.069,0.007309485,0.090928455,87,Lab,,,,,0,0,0,0.0,0,0,0,Non-Reproductive,0.035,0.007,-0.002,0.036125,0.008625,0.003125,0.015958333,0.0,7.0,0,0,0,0,1,1,0,0,0
7,1,C,1.66,1.167,0.737,0.073,25,1,F,Low,19/02/2018,PC,20.0,,,35,14,14,14,AD,0.070125,0.006174545,0.088648634,105,Lab,,,,,0,0,0,0.0,0,0,0,Non-Reproductive,1.589875,1.096875,0.666875,1.573125,1.083125,0.660125,1.105458333,1.105458333,,0,0,0,0,1,1,1,0,0
20,1,G,0.077,0.085,0.073,0.11,25,1,F,Low,19/02/2018,PC,20.0,3.0,4,22,1,1,1,AD,0.12075,0.053742109,0.281976327,92,Lab,,,,,0,0,0,0.0,0,0,0,Non-Reproductive,-0.04375,-0.03575,-0.04775,-0.0316875,-0.0151875,-0.0311875,-0.026020833,0.0,7.0,0,0,0,0,1,1,1,0,0
19,1,C,1.637,1.166,0.723,0.114,26,1,F,Low,19/02/2018,ST,17.5,3.0,4,14,,14,14,D,0.120375,0.011500776,0.154877329,84,Lab,,,,,0,0,0,0.0,0,0,0,Non-Reproductive,1.516625,1.045625,0.602625,1.5130625,1.0235625,0.6295625,1.055395833,1.055395833,7.0,0,0,0,0,1,1,1,0,0
26,1,C,2.477,2.045,1.542,0.114,26,1,F,Low,19/02/2018,ST,17.5,,,35,14,35,35,DD,0.125125,0.026835145,0.205630435,105,Lab,,,,,0,0,0,0.0,0,0,0,Non-Reproductive,2.351875,1.919875,1.416875,2.3975625,1.9465625,1.4435625,1.929229167,1.929229167,,1,0,0,0,1,1,1,0,0
5,1,C,2.814,2.692,2.734,0.06,27,1,F,Low,19/02/2018,SC,16.5,,,35,14,35,35,DA,0.0635,0.006824326,0.083972979,105,Lab,,,,,0,0,0,0.0,0,0,0,Non-Reproductive,2.7505,2.6285,2.6705,2.691875,2.583375,2.612875,2.629375,2.629375,,0,0,0,0,1,1,1,0,0
33,1,D,2.466,2.019,1.575,0.097,27,1,F,Low,19/02/2018,SC,16.5,3.0,4,17,,17,17,D,0.10625,0.034656477,0.210219432,87,Lab,,,,,0,0,0,0.0,0,0,0,Non-Reproductive,2.35975,1.91275,1.46875,2.36125,1.97475,1.48075,1.938916667,1.938916667,7.0,0,0,0,0,1,1,1,0,0
16,1,F,0.06,0.06,0.055,0.078,28,1,F,High,19/02/2018,PC,15.5,2.0,3,17,,17,,A,0.0745,0.005042675,0.089628025,87,Lab,,,,,0,0,0,0.0,0,0,0,Non-Reproductive,-0.0145,-0.0145,-0.0195,-0.011875,-0.013375,-0.018375,-0.014541667,0.0,5.0,0,1,0,0,1,1,0,0,0
22,1,E,0.58,0.631,0.581,0.58,28,1,F,High,19/02/2018,PC,15.5,2.0,3,14,,14,,A,0.659375,0.040305751,0.780292253,84,Lab,,,,,0,0,0,0.0,0,0,0,Non-Reproductive,-0.079375,-0.028375,-0.078375,-0.0743125,-0.0458125,-0.0708125,-0.063645833,0.0,5.0,0,1,0,0,1,1,0,0,0
27,1,D,2.058,1.846,1.355,0.114,28,1,F,High,19/02/2018,PC,16.5,,,35,14,14,14,AD,0.10875,0.015809129,0.156177388,105,Lab,,,,,0,0,0,0.0,0,0,0,Non-Reproductive,1.94925,1.73725,1.24625,1.993375,1.716375,1.250375,1.653375,1.653375,,0,1,0,0,1,1,1,0,0
10,1,E,1.947,1.432,0.945,0.074,29,1,F,High,21/02/2018,SC,27.0,3.0,4,17,,17,17,D,0.07225,0.006341473,0.09127442,85,Lab,,,,,0,0,0,0.0,0,0,0,Non-Reproductive,1.87475,1.35975,0.87275,1.88875,1.35775,0.88975,1.37875,1.37875,7.0,0,1,0,0,1,1,1,0,0
22,1,D,3.03,2.956,2.543,0.68,29,1,F,High,21/02/2018,SC,29.0,,,35,14,35,35,DA,0.659375,0.040305751,0.780292253,103,Lab,,,,,0,0,0,0.0,0,0,0,Non-Reproductive,2.370625,2.296625,1.883625,2.4096875,2.2216875,1.8921875,2.174520833,2.174520833,,0,1,0,0,1,1,1,0,0
37,1,E,1.003,0.605,0.376,0.105,29,1,F,High,21/02/2018,SC,27.0,3.0,4,14,,14,14,D,0.107375,0.037450682,0.219727046,82,Lab,,,,,0,0,0,0.0,0,0,0,Non-Reproductive,0.895625,0.497625,0.268625,0.8826875,0.5166875,0.2856875,0.5616875,0.5616875,7.0,0,1,0,0,1,1,1,0,0
10,1,D,2.481,2.095,1.782,0.064,30,1,F,High,21/02/2018,ST,18.0,4.0,4,22,1,22,22,DD,0.07225,0.006341473,0.09127442,90,Lab,,,,,0,0,0,0.0,0,0,0,Non-Reproductive,2.40875,2.02275,1.70975,2.37925,2.03075,1.69225,2.034083333,2.034083333,8.0,1,1,0,0,1,1,1,0,0
27,1,C,2.617,2.477,2.268,0.119,30,1,F,High,21/02/2018,ST,18.0,,,35,14,35,35,DD,0.10875,0.015809129,0.156177388,103,Lab,,,,,0,0,0,0.0,0,0,0,Non-Reproductive,2.50825,2.36825,2.15925,2.558375,2.360375,2.151875,2.356875,2.356875,,1,1,0,0,1,1,1,0,0
12,1,E,1.405,0.92,0.584,0.056,31,1,F,High,20/01/2018,PC,17.5,,,35,14,14,14,AD,0.067875,0.016383245,0.117024735,135,Lab,,,,,0,0,0,0.0,0,0,0,Non-Reproductive,1.337125,0.852125,0.516125,1.347,0.8525,0.5155,0.905,0.905,,0,1,0,0,1,1,1,0,0
16,1,D,0.057,0.057,0.057,0.075,31,1,F,High,20/01/2018,PC,16.0,3.0,3,22,1,1,1,AD,0.0745,0.005042675,0.089628025,122,Lab,,,,,0,0,0,0.0,0,0,0,Non-Reproductive,-0.0175,-0.0175,-0.0175,-0.014375,-0.014875,-0.016375,-0.015208333,0.0,6.0,0,1,0,0,1,1,1,0,0
32,1,C,0.077,0.092,0.082,0.109,31,1,F,High,20/01/2018,PC,16.0,3.0,3,17,,17,,A,0.11925,0.017685749,0.172307247,117,Lab,,,,,0,0,0,0.0,0,0,0,Non-Reproductive,-0.04225,-0.02725,-0.03725,-0.027625,-0.019625,-0.024125,-0.023791667,0.0,6.0,0,1,0,0,1,1,0,0,0
34,1,G,0.065,0.07,0.071,0.097,31,1,F,High,20/01/2018,PC,16.0,3.0,3,14,,14,,A,0.101375,0.013637527,0.142287581,114,Lab,,,,,0,0,0,0.0,0,0,0,Non-Reproductive,-0.036375,-0.031375,-0.030375,-0.023875,-0.006875,-0.013875,-0.014875,0.0,6.0,0,1,0,0,1,1,0,0,0
3,1,H,2.215,1.716,1.167,0.084,32,1,F,High,29/01/2018,SC,24.5,4.0,4,22,1,22,22,DA,0.085875,0.035686882,0.192935647,113,Lab,,,,,0,0,0,0.0,0,0,0,Non-Reproductive,2.129125,1.630125,1.081125,2.1059375,1.6349375,1.0769375,1.6059375,1.6059375,8.0,0,1,0,0,1,1,1,0,0
24,1,G,2.03,1.523,1.17,0.607,32,1,F,High,29/01/2018,SC,23.0,3.0,4,17,,17,17,D,0.5945,0.209919713,1.224259138,108,Lab,,,,,0,0,0,0.0,0,0,0,Non-Reproductive,1.4355,0.9285,0.5755,1.46625,0.95075,0.60125,1.006083333,0.0,7.0,0,1,0,0,1,1,1,0,0
27,1,E,1.754,1.277,0.838,0.09,32,1,F,High,29/01/2018,SC,26.5,,,35,14,35,35,DA,0.10875,0.015809129,0.156177388,126,Lab,,,,,0,0,0,0.0,0,0,0,Non-Reproductive,1.64525,1.16825,0.72925,1.657375,1.157875,0.736875,1.184041667,1.184041667,,0,1,0,0,1,1,1,0,0
11,1,C,0.663,0.398,0.23,0.062,33,1,F,High,29/01/2018,ST,19.5,3.0,4,14,,14,14,D,0.07225,0.010525479,0.103826438,105,Lab,,,,,0,0,0,0.0,0,0,0,Non-Reproductive,0.59075,0.32575,0.15775,0.591,0.334,0.1645,0.363166667,0.363166667,7.0,0,1,0,0,1,1,1,0,0
12,1,G,1.097,0.684,0.422,0.067,33,1,F,High,29/01/2018,ST,19.5,3.0,4,17,,17,17,D,0.067875,0.016383245,0.117024735,108,Lab,,,,,0,0,0,0.0,0,0,0,Non-Reproductive,1.029125,0.616125,0.354125,1.045,0.6205,0.3545,0.673333333,0.673333333,7.0,0,1,0,0,1,1,1,0,0
33,1,F,2.955,2.541,2.186,0.095,33,1,F,High,29/01/2018,ST,20.0,,,35,14,35,35,DD,0.10625,0.034656477,0.210219432,126,Lab,,,,,0,0,0,0.0,0,0,0,Non-Reproductive,2.84875,2.43475,2.07975,2.81475,2.44675,2.09625,2.452583333,2.452583333,,1,1,0,0,1,1,1,0,0
3,1,C,3.01,2.82,2.469,0.075,34,1,F,High,20/01/2018,SC,17.0,,,35,14,35,35,DA,0.085875,0.035686882,0.192935647,135,Lab,,,,,0,0,0,0.0,0,0,0,Non-Reproductive,2.924125,2.734125,2.383125,2.8254375,2.6719375,2.3279375,2.6084375,2.6084375,,0,1,0,0,1,1,1,0,0
12,1,F,2.118,1.616,1.146,0.058,34,1,F,High,20/01/2018,SC,16.5,3.0,3,14,,14,14,D,0.067875,0.016383245,0.117024735,114,Lab,,,,,0,0,0,0.0,0,0,0,Non-Reproductive,2.050125,1.548125,1.078125,2.0275,1.528,1.0795,1.545,1.545,6.0,0,1,0,0,1,1,1,0,0
36,1,D,2.033,1.634,1.06,0.102,34,1,F,High,20/01/2018,SC,16.5,3.0,3,17,,17,17,D,0.111875,0.026297406,0.190767219,117,Lab,,,,,0,0,0,0.0,0,0,0,Non-Reproductive,1.921125,1.522125,0.948125,1.895375,1.516875,0.951875,1.454708333,1.454708333,6.0,0,1,0,0,1,1,1,0,0
5,1,G,1.978,1.491,1.037,0.059,35,1,F,High,18/02/2018,ST,16.5,3.0,3,14,,14,14,D,0.0635,0.006824326,0.083972979,85,Lab,,,,,0,0,0,0.0,0,0,0,Non-Reproductive,1.9145,1.4275,0.9735,1.875375,1.429875,0.983875,1.429708333,1.429708333,6.0,0,1,0,0,1,1,1,0,0
11,1,F,2.326,1.84,1.292,0.063,35,1,F,High,18/02/2018,ST,16.0,3.0,3,22,1,22,22,DD,0.07225,0.010525479,0.103826438,93,Lab,,,,,0,0,0,0.0,0,0,0,Non-Reproductive,2.25375,1.76775,1.21975,2.2135,1.688,1.2135,1.705,1.705,6.0,1,1,0,0,1,1,1,0,0
25,1,C,1.77,1.237,0.79,0.105,35,1,F,High,18/02/2018,ST,16.5,3.0,3,17,,17,17,D,0.10875,0.014801062,0.153153185,88,Lab,,,,,0,0,0,0.0,0,0,0,Non-Reproductive,1.66125,1.12825,0.68125,1.67725,1.16825,0.70325,1.182916667,1.182916667,6.0,0,1,0,0,1,1,1,0,0
34,1,C,3.082,3.013,2.896,0.099,35,1,F,High,18/02/2018,ST,16.5,,,35,14,35,35,DD,0.101375,0.013637527,0.142287581,106,Lab,,,,,0,0,0,0.0,0,0,0,Non-Reproductive,2.980625,2.911625,2.794625,3.027625,2.844625,2.825125,2.899125,2.899125,,1,1,0,0,1,1,1,0,0
9,1,C,1.823,1.369,0.929,0.064,36,1,F,High,18/02/2018,PC,18.5,,,35,14,14,14,AD,0.076625,0.012129509,0.113013528,106,Lab,,,,,0,0,0,0.0,0,0,0,Non-Reproductive,1.746375,1.292375,0.852375,1.708875,1.260375,0.842875,1.270708333,1.270708333,,0,1,0,0,1,1,1,0,0
18,1,F,0.064,0.055,0.053,0.071,36,1,F,High,18/02/2018,PC,18.5,3.0,3,14,,14,,A,0.075375,0.00526274,0.091163219,85,Lab,,,,,0,0,0,0.0,0,0,0,Non-Reproductive,-0.011375,-0.020375,-0.022375,-0.008,-0.017,-0.019,-0.014666667,0.0,6.0,0,1,0,0,1,1,0,0,0
21,1,G,0.066,0.067,0.076,0.084,36,1,F,High,18/02/2018,PC,17.0,3.0,4,22,1,1,1,AD,0.0935,0.007230886,0.115192658,93,Lab,,,,,0,0,0,0.0,0,0,0,Non-Reproductive,-0.0275,-0.0265,-0.0175,-0.01725,-0.01725,-0.00825,-0.01425,0.0,7.0,0,1,0,0,1,1,1,0,0
2,1,F,0.055,0.059,0.051,0.067,37,2,M,Low,19/02/2018,PC,26.0,,,22,1,1,1,AD,0.069,0.007309485,0.090928455,94,Lab,,,,,0,0,0,0.0,0,0,0,Non-Reproductive,-0.014,-0.01,-0.018,-0.011875,-0.006875,-0.015375,-0.011375,0.0,,0,0,1,0,1,1,1,0,0
6,1,G,0.061,0.073,0.065,0.068,37,2,M,Low,19/02/2018,PC,28.0,4.0,5,14,,14,,A,0.063875,0.007548652,0.086520955,86,Lab,,,,,0,0,0,0.0,0,0,0,Non-Reproductive,-0.002875,0.009125,0.001125,0.01075,0.01225,0.00575,0.009583333,0.0,9.0,0,0,1,0,1,1,0,0,0
13,1,E,0.627,0.38,0.229,0.074,37,2,M,Low,19/02/2018,PC,27.0,,,35,14,14,14,AD,0.0785,0.005154748,0.093964244,107,Lab,,,,,0,0,0,0.0,0,0,0,Non-Reproductive,0.5485,0.3015,0.1505,0.5474375,0.3144375,0.1549375,0.3389375,0.3389375,,0,0,1,0,1,1,1,0,0
6,1,F,1.662,1.207,0.812,0.061,38,2,M,Low,19/02/2018,ST,26.0,3.0,5,14,,14,14,D,0.063875,0.007548652,0.086520955,86,Lab,,,,,0,0,0,0.0,0,0,0,Non-Reproductive,1.598125,1.143125,0.748125,1.61325,1.16525,0.75475,1.17775,1.17775,8.0,0,0,1,0,1,1,1,0,0
17,1,G,2.793,2.566,2.211,0.065,38,2,M,Low,19/02/2018,ST,25.5,3.0,5,22,1,22,22,DD,0.071125,0.00653425,0.090727751,94,Lab,,,,,0,0,0,0.0,0,0,0,Non-Reproductive,2.721875,2.494875,2.139875,2.7528125,2.5278125,2.1658125,2.482145833,2.482145833,8.0,1,0,1,0,1,1,1,0,0
19,1,H,3.294,3.015,3.037,0.146,38,2,M,Low,19/02/2018,ST,29.0,,,35,14,35,35,DD,0.120375,0.011500776,0.154877329,107,Lab,,,,,0,0,0,0.0,0,0,0,Non-Reproductive,3.173625,2.894625,2.916625,3.1805625,2.9045625,2.8560625,2.980395833,2.980395833,,1,0,1,0,1,1,1,0,0
32,1,G,2.14,1.605,1.139,0.115,38,2,M,Low,19/02/2018,ST,26.0,3.0,5,17,,17,17,D,0.11925,0.017685749,0.172307247,89,Lab,,,,,0,0,0,0.0,0,0,0,Non-Reproductive,2.02075,1.48575,1.01975,2.039375,1.525875,1.041875,1.535708333,1.535708333,8.0,0,0,1,0,1,1,1,0,0
8,1,H,2.746,2.562,2.128,0.059,39,2,M,Low,19/02/2018,SC,29.0,,,35,14,35,35,DA,0.06375,0.005650537,0.080701612,107,Lab,,,,,0,0,0,0.0,0,0,0,Non-Reproductive,2.68225,2.49825,2.06425,2.66825,2.46375,2.06575,2.39925,2.39925,,0,0,1,0,1,1,1,0,0
15,1,G,2.526,2.128,1.681,0.088,39,2,M,Low,19/02/2018,SC,30.0,3.0,4,22,1,22,22,DA,0.1055,0.037496667,0.21799,94,Lab,,,,,0,0,0,0.0,0,0,0,Non-Reproductive,2.4205,2.0225,1.5755,2.44475,2.04375,1.61775,2.035416667,2.035416667,7.0,0,0,1,0,1,1,1,0,0
29,1,C,0.869,0.557,0.355,0.094,39,2,M,Low,19/02/2018,SC,28.5,3.0,5,14,,14,14,D,0.110375,0.028218219,0.195029656,86,Lab,,,,,0,0,0,0.0,0,0,0,Non-Reproductive,0.758625,0.446625,0.244625,0.786375,0.459875,0.257875,0.501375,0.501375,8.0,0,0,1,0,1,1,1,0,0
8,1,E,2.7,2.353,2.084,0.071,40,2,M,Low,19/02/2018,SC,24.5,,,35,14,35,35,DA,0.06375,0.005650537,0.080701612,107,Lab,,,,,0,0,0,0.0,0,0,0,Non-Reproductive,2.63625,2.28925,2.02025,2.61425,2.32625,1.94075,2.29375,2.29375,,0,0,1,0,1,1,1,0,0
26,1,H,2.415,1.796,1.241,0.186,40,2,M,Low,19/02/2018,SC,23.0,4.0,4,17,,17,17,D,0.125125,0.026835145,0.205630435,89,Lab,,,,,0,0,0,0.0,0,0,0,Non-Reproductive,2.289875,1.670875,1.115875,2.3075625,1.7235625,1.1460625,1.725729167,1.725729167,8.0,0,0,1,0,1,1,1,0,0
30,1,C,2.654,2.223,1.834,0.103,40,2,M,Low,19/02/2018,SC,22.5,3.0,4,22,1,22,22,DA,0.090375,0.018376518,0.145504555,94,Lab,,,,,0,0,0,0.0,0,0,0,Non-Reproductive,2.563625,2.132625,1.743625,2.582,2.1735,1.7335,2.163,2.163,7.0,0,0,1,0,1,1,1,0,0
31,1,C,1.504,1.088,0.691,0.105,40,2,M,Low,19/02/2018,SC,23.0,4.0,4,14,,14,14,D,0.09675,0.026537036,0.176361108,86,Lab,,,,,0,0,0,0.0,0,0,0,Non-Reproductive,1.40725,0.99125,0.59425,1.43,1.0095,0.627,1.022166667,1.022166667,8.0,0,0,1,0,1,1,1,0,0
3,1,E,1.579,1.041,0.615,0.07,41,2,M,Low,19/01/2018,ST,25.5,4.0,4,14,,14,14,D,0.085875,0.035686882,0.192935647,117,Lab,,,,,0,0,0,0.0,0,0,0,Non-Reproductive,1.493125,0.955125,0.529125,1.4749375,0.9539375,0.5309375,0.986604167,0.986604167,8.0,0,0,1,0,1,1,1,0,0
26,1,E,0.319,2.307,1.665,0.103,41,2,M,Low,19/01/2018,ST,25.5,4.0,4,17,,17,17,D,0.125125,0.026835145,0.205630435,120,Lab,,,,,0,0,0,0.0,0,0,0,Non-Reproductive,0.193875,2.181875,1.539875,0.1875625,2.1480625,1.5685625,1.301395833,1.301395833,8.0,0,0,1,0,1,1,1,0,0
34,1,F,3.031,2.961,2.796,0.102,41,2,M,Low,19/01/2018,ST,27.0,,,35,14,35,35,DD,0.101375,0.013637527,0.142287581,138,Lab,,,,,0,0,0,0.0,0,0,0,Non-Reproductive,2.929625,2.859625,2.694625,2.932125,2.871625,2.726125,2.843291667,2.843291667,,1,0,1,0,1,1,1,0,0
2,1,E,0.053,0.058,0.053,0.064,42,2,M,Low,19/01/2018,PC,22.0,3.0,4,17,,17,,A,0.069,0.007309485,0.090928455,120,Lab,,,,,0,0,0,0.0,0,0,0,Non-Reproductive,-0.016,-0.011,-0.016,-0.013375,-0.009375,-0.012375,-0.011708333,0.0,7.0,0,0,1,0,1,1,0,0,0
11,1,E,1.737,1.183,0.71,0.067,42,2,M,Low,19/01/2018,PC,22.5,,,35,14,14,14,AD,0.07225,0.010525479,0.103826438,138,Lab,,,,,0,0,0,0.0,0,0,0,Non-Reproductive,1.66475,1.11075,0.63775,1.597,1.085,0.6205,1.100833333,1.100833333,,0,0,1,0,1,1,1,0,0
12,1,C,0.057,0.048,0.051,0.073,42,2,M,Low,19/01/2018,PC,21.5,3.0,4,22,1,1,1,AD,0.067875,0.016383245,0.117024735,125,Lab,,,,,0,0,0,0.0,0,0,0,Non-Reproductive,-0.010875,-0.019875,-0.016875,-0.0095,-0.0205,-0.0165,-0.0155,0.0,7.0,0,0,1,0,1,1,1,0,0
36,1,C,0.07,0.09,0.07,0.165,42,2,M,Low,19/01/2018,PC,22.0,3.0,4,14,,14,,A,0.111875,0.026297406,0.190767219,117,Lab,,,,,0,0,0,0.0,0,0,0,Non-Reproductive,-0.041875,-0.021875,-0.041875,-0.027625,-0.014625,-0.028625,-0.023625,0.0,7.0,0,0,1,0,1,1,0,0,0
28,1,D,1.255,0.842,0.543,0.114,43,2,M,Low,19/01/2018,SC,21.5,4.0,4,14,,14,14,D,0.11625,0.01454795,0.159893851,117,Lab,,,,,0,0,0,0.0,0,0,0,Non-Reproductive,1.13875,0.72575,0.42675,1.158,0.7495,0.436,0.781166667,0.781166667,8.0,0,0,1,0,1,1,1,0,0
31,1,H,2.445,2.2,1.798,0.085,43,2,M,Low,19/01/2018,SC,21.5,3.0,4,22,1,22,22,DA,0.09675,0.026537036,0.176361108,125,Lab,,,,,0,0,0,0.0,0,0,0,Non-Reproductive,2.34825,2.10325,1.70125,2.38,2.079,1.72,2.059666667,2.059666667,7.0,0,0,1,0,1,1,1,0,0
37,1,H,2.763,2.375,1.885,0.118,43,2,M,Low,19/01/2018,SC,23.0,,,35,14,35,35,DA,0.107375,0.037450682,0.219727046,138,Lab,,,,,0,0,0,0.0,0,0,0,Non-Reproductive,2.655625,2.267625,1.777625,2.6456875,2.2241875,1.8056875,2.2251875,2.2251875,,0,0,1,0,1,1,1,0,0
2,1,C,2.522,2.22,1.816,0.084,44,2,M,Low,19/01/2018,ST,22.5,3.0,4,22,1,22,22,DD,0.069,0.007309485,0.090928455,125,Lab,,,,,0,0,0,0.0,0,0,0,Non-Reproductive,2.453,2.151,1.747,2.446125,2.116125,1.753125,2.105125,2.105125,7.0,1,0,1,0,1,1,1,0,0
7,1,G,2.766,2.679,2.445,0.071,44,2,M,Low,19/01/2018,ST,23.0,,,35,14,35,35,DD,0.070125,0.006174545,0.088648634,138,Lab,,,,,0,0,0,0.0,0,0,0,Non-Reproductive,2.695875,2.608875,2.374875,2.746625,2.630625,2.383625,2.586958333,2.586958333,,1,0,1,0,1,1,1,0,0
14,1,C,2.064,1.616,1.213,0.068,44,2,M,Low,19/01/2018,ST,22.5,3.0,4,17,,17,17,D,0.071,0.005554921,0.087664762,120,Lab,,,,,0,0,0,0.0,0,0,0,Non-Reproductive,1.993,1.545,1.142,2.011625,1.547125,1.145125,1.567958333,1.567958333,7.0,0,0,1,0,1,1,1,0,0
21,1,F,0.069,0.086,0.077,0.091,45,2,M,Low,07/03/2018,PC,21.5,,,22,1,1,1,AD,0.0935,0.007230886,0.115192658,78,Lab,,,,,0,0,0,0.0,0,0,0,Non-Reproductive,-0.0245,-0.0075,-0.0165,-0.01675,-0.01875,-0.00575,-0.01375,0.0,,0,0,1,0,1,1,1,0,0
28,1,C,1.641,1.184,0.77,0.121,45,2,M,Low,07/03/2018,PC,21.5,,,35,14,14,14,AD,0.11625,0.01454795,0.159893851,91,Lab,,,,,0,0,0,0.0,0,0,0,Non-Reproductive,1.52475,1.06775,0.65375,1.5705,1.088,0.6745,1.111,1.111,,0,0,1,0,1,1,1,0,0
5,1,D,0.901,0.642,0.361,0.061,46,2,M,High,07/03/2018,PC,21.5,,,35,14,14,14,AD,0.0635,0.006824326,0.083972979,91,Lab,,,,,0,0,0,0.0,0,0,0,Non-Reproductive,0.8375,0.5785,0.2975,0.777375,0.520875,0.281375,0.526541667,0.526541667,,0,1,1,0,1,1,1,0,0
11,1,H,2.574,2.14,1.731,0.078,47,2,M,High,07/03/2018,SC,27.0,,,35,14,35,35,DA,0.07225,0.010525479,0.103826438,91,Lab,,,,,0,0,0,0.0,0,0,0,Non-Reproductive,2.50175,2.06775,1.65875,2.474,2.1145,1.686,2.0915,2.0915,,0,1,1,0,1,1,1,0,0
29,1,F,1.911,1.423,0.943,0.164,47,2,M,High,07/03/2018,SC,23.5,3.0,5,22,1,22,22,DA,0.110375,0.028218219,0.195029656,78,Lab,,,,,0,0,0,0.0,0,0,0,Non-Reproductive,1.800625,1.312625,0.832625,1.895375,1.376375,0.886375,1.386041667,1.386041667,8.0,0,1,1,0,1,1,1,0,0
21,1,E,2.793,2.58,2.067,0.085,48,2,M,High,27/02/2018,ST,26.0,,,35,14,35,35,DD,0.0935,0.007230886,0.115192658,99,Lab,,,,,0,0,0,0.0,0,0,0,Non-Reproductive,2.6995,2.4865,1.9735,2.77125,2.49075,2.01875,2.426916667,2.426916667,,1,1,1,0,1,1,1,0,0
30,1,D,1.358,0.882,0.53,0.088,48,2,M,High,27/02/2018,ST,23.0,3.0,4,14,,14,14,D,0.090375,0.018376518,0.145504555,78,Lab,,,,,0,0,0,0.0,0,0,0,Non-Reproductive,1.267625,0.791625,0.439625,1.288,0.804,0.4325,0.8415,0.8415,7.0,0,1,1,0,1,1,1,0,0
32,1,H,1.374,0.885,0.53,0.149,48,2,M,High,27/02/2018,ST,23.0,3.0,4,17,,17,17,D,0.11925,0.017685749,0.172307247,81,Lab,,,,,0,0,0,0.0,0,0,0,Non-Reproductive,1.25475,0.76575,0.41075,1.277875,0.780875,0.428375,0.829041667,0.829041667,7.0,0,1,1,0,1,1,1,0,0
6,1,H,2.036,1.58,1.102,0.08,49,2,M,High,27/02/2018,PC,21.0,,,35,14,14,14,AD,0.063875,0.007548652,0.086520955,99,Lab,,,,,0,0,0,0.0,0,0,0,Non-Reproductive,1.972125,1.516125,1.038125,1.97425,1.53075,1.05575,1.52025,1.52025,,0,1,1,0,1,1,1,0,0
14,1,D,0.057,0.056,0.062,0.073,49,2,M,High,27/02/2018,PC,21.5,3.0,4,22,1,1,1,AD,0.071,0.005554921,0.087664762,86,Lab,,,,,0,0,0,0.0,0,0,0,Non-Reproductive,-0.014,-0.015,-0.009,-0.012375,-0.014375,-0.004375,-0.010375,0.0,7.0,0,1,1,0,1,1,1,0,0
24,1,C,0.437,0.404,0.383,0.491,49,2,M,High,27/02/2018,PC,21.5,3.0,4,14,,14,,A,0.5945,0.209919713,1.224259138,78,Lab,,,,,0,0,0,0.0,0,0,0,Non-Reproductive,-0.1575,-0.1905,-0.2115,-0.13925,-0.18575,-0.20575,-0.176916667,0.0,7.0,0,1,1,0,1,1,0,0,0
33,1,E,0.407,0.228,0.158,0.086,49,2,M,High,27/02/2018,PC,21.0,,,35,14,14,14,AD,0.10625,0.034656477,0.210219432,99,Lab,,,,,0,0,0,0.0,0,0,0,Non-Reproductive,0.30075,0.12175,0.05175,0.29425,0.13275,0.05425,0.160416667,0.0,,0,1,1,0,1,1,1,0,0
13,1,G,1.415,0.986,0.609,0.078,50,2,M,High,18/02/2018,SC,26.0,3.0,4,14,,14,14,D,0.0785,0.005154748,0.093964244,87,Lab,,,,,0,0,0,0.0,0,0,0,Non-Reproductive,1.3365,0.9075,0.5305,1.3609375,0.9304375,0.5464375,0.9459375,0.9459375,7.0,0,1,1,0,1,1,1,0,0
14,1,G,2.685,2.429,2.066,0.065,50,2,M,High,18/02/2018,SC,29.5,,,35,14,35,35,DA,0.071,0.005554921,0.087664762,108,Lab,,,,,0,0,0,0.0,0,0,0,Non-Reproductive,2.614,2.358,1.995,2.644125,2.397625,1.980625,2.340791667,2.340791667,,0,1,1,0,1,1,1,0,0
20,1,F,2.303,1.998,1.46,0.09,50,2,M,High,18/02/2018,SC,26.0,3.0,4,22,1,22,22,DA,0.12075,0.053742109,0.281976327,95,Lab,,,,,0,0,0,0.0,0,0,0,Non-Reproductive,2.18225,1.87725,1.33925,2.2148125,1.9033125,1.3458125,1.8213125,1.8213125,7.0,0,1,1,0,1,1,1,0,0
10,1,C,2.733,2.553,2.223,0.067,51,2,M,High,18/02/2018,ST,20.5,3.0,4,22,1,22,22,DD,0.07225,0.006341473,0.09127442,95,Lab,,,,,0,0,0,0.0,0,0,0,Non-Reproductive,2.66075,2.48075,2.15075,2.66275,2.48575,2.16375,2.437416667,2.437416667,7.0,1,1,1,0,1,1,1,0,0
15,1,C,2.252,1.805,1.286,0.076,51,2,M,High,18/02/2018,ST,20.0,3.0,4,17,,17,17,D,0.1055,0.037496667,0.21799,90,Lab,,,,,0,0,0,0.0,0,0,0,Non-Reproductive,2.1465,1.6995,1.1805,2.13825,1.70475,1.19325,1.67875,1.67875,7.0,0,1,1,0,1,1,1,0,0
36,1,F,1.724,1.207,0.789,0.1,51,2,M,High,18/02/2018,ST,20.0,3.0,4,14,,14,14,D,0.111875,0.026297406,0.190767219,87,Lab,,,,,0,0,0,0.0,0,0,0,Non-Reproductive,1.612125,1.095125,0.677125,1.662875,1.132375,0.711375,1.168875,1.168875,7.0,0,1,1,0,1,1,1,0,0
37,1,F,3.042,2.94,2.579,0.194,51,2,M,High,18/02/2018,ST,20.5,,,35,14,35,35,DD,0.107375,0.037450682,0.219727046,108,Lab,,,,,0,0,0,0.0,0,0,0,Non-Reproductive,2.934625,2.832625,2.471625,2.9316875,2.8561875,2.5451875,2.7776875,2.7776875,,1,1,1,0,1,1,1,0,0
4,1,H,0.628,0.379,0.224,0.089,52,2,M,High,21/01/2018,SC,35.0,4.0,5,14,,14,14,D,0.0685,0.01011364,0.09884092,115,Lab,,,,,0,0,0,0.0,0,0,0,Non-Reproductive,0.5595,0.3105,0.1555,0.5653125,0.3033125,0.1568125,0.3418125,0.3418125,9.0,0,1,1,0,1,1,1,0,0
14,1,F,0.76,0.432,0.268,0.072,52,2,M,High,21/01/2018,SC,35.0,4.0,5,17,,17,17,D,0.071,0.005554921,0.087664762,118,Lab,,,,,0,0,0,0.0,0,0,0,Non-Reproductive,0.689,0.361,0.197,0.706625,0.369125,0.202125,0.425958333,0.425958333,9.0,0,1,1,0,1,1,1,0,0
20,1,E,0.687,0.428,0.266,0.089,52,2,M,High,21/01/2018,SC,34.5,5.0,5,22,1,22,22,DA,0.12075,0.053742109,0.281976327,123,Lab,,,,,0,0,0,0.0,0,0,0,Non-Reproductive,0.56625,0.30725,0.14525,0.5828125,0.3243125,0.1563125,0.354479167,0.354479167,10.0,0,1,1,0,1,1,1,0,0
17,1,E,0.848,0.583,0.302,0.074,53,2,M,High,21/01/2018,ST,25.0,4.0,5,14,,14,14,D,0.071125,0.00653425,0.090727751,115,Lab,,,,,0,0,0,0.0,0,0,0,Non-Reproductive,0.776875,0.511875,0.230875,0.7738125,0.4768125,0.2328125,0.494479167,0.494479167,9.0,0,1,1,0,1,1,1,0,0
36,1,G,2.336,1.825,1.253,0.089,53,2,M,High,21/01/2018,ST,21.5,,,35,14,35,35,DD,0.111875,0.026297406,0.190767219,136,Lab,,,,,0,0,0,0.0,0,0,0,Non-Reproductive,2.224125,1.713125,1.141125,2.235875,1.749875,1.124375,1.703375,1.703375,,1,1,1,0,1,1,1,0,0
23,1,F,0.371,0.323,0.343,0.349,54,2,M,High,21/01/2018,PC,37.0,4.0,5,22,1,1,1,AD,0.4355,0.13659429,0.845282869,123,Lab,,,,,0,0,0,0.0,0,0,0,Non-Reproductive,-0.0645,-0.1125,-0.0925,-0.0543125,-0.0908125,-0.0658125,-0.0703125,0.0,9.0,0,1,1,0,1,1,1,0,0
6,1,E,2.948,2.792,2.533,0.058,55,2,F,Low,27/02/2018,ST,17.0,,,35,14,35,35,DD,0.063875,0.007548652,0.086520955,99,Lab,,,,,0,0,0,0.0,0,0,0,Non-Reproductive,2.884125,2.728125,2.469125,2.92775,2.73725,2.50125,2.722083333,2.722083333,,1,0,0,0,1,1,1,0,0
8,1,G,1.959,1.51,1.055,0.058,55,2,F,Low,27/02/2018,ST,16.0,2.0,4,22,1,22,22,DD,0.06375,0.005650537,0.080701612,86,Lab,,,,,0,0,0,0.0,0,0,0,Non-Reproductive,1.89525,1.44625,0.99125,1.88525,1.47375,0.99325,1.45075,1.45075,6.0,1,0,0,0,1,1,1,0,0
13,1,H,1.682,1.168,0.753,0.078,55,2,F,Low,27/02/2018,ST,16.0,3.0,4,14,,14,14,D,0.0785,0.005154748,0.093964244,78,Lab,,,,,0,0,0,0.0,0,0,0,Non-Reproductive,1.6035,1.0895,0.6745,1.6324375,1.1019375,0.6919375,1.142104167,1.142104167,7.0,0,0,0,0,1,1,1,0,0
6,1,D,2.12,1.722,1.238,0.056,56,2,F,Low,24/02/2018,PC,17.5,,,35,14,14,14,AD,0.063875,0.007548652,0.086520955,102,Lab,,,,,0,0,0,0.0,0,0,0,Non-Reproductive,2.056125,1.658125,1.174125,2.05725,1.64875,1.18025,1.62875,1.62875,,0,0,0,0,1,1,1,0,0
18,1,D,0.055,0.057,0.054,0.071,56,2,F,Low,24/02/2018,PC,15.0,3.0,4,14,,14,,A,0.075375,0.00526274,0.091163219,81,Lab,,,,,0,0,0,0.0,0,0,0,Non-Reproductive,-0.020375,-0.018375,-0.021375,-0.0185,-0.016,-0.0195,-0.018,0.0,7.0,0,0,0,0,1,1,0,0,0
19,1,E,0.09,0.082,0.096,0.116,56,2,F,Low,24/02/2018,PC,15.5,3.0,4,22,1,1,1,AD,0.120375,0.011500776,0.154877329,89,Lab,,,,,0,0,0,0.0,0,0,0,Non-Reproductive,-0.030375,-0.038375,-0.024375,-0.0134375,-0.0209375,-0.0124375,-0.015604167,0.0,7.0,0,0,0,0,1,1,1,0,0
30,1,E,0.062,0.07,0.068,0.072,56,2,F,Low,24/02/2018,PC,15.0,3.0,4,17,,17,,A,0.090375,0.018376518,0.145504555,84,Lab,,,,,0,0,0,0.0,0,0,0,Non-Reproductive,-0.028375,-0.020375,-0.022375,-0.0095,-0.0005,-0.0085,-0.006166667,0.0,7.0,0,0,0,0,1,1,0,0,0
1,1,E,1.465,1.041,0.677,0.07,57,2,F,Low,24/02/2018,SC,16.5,3.0,4,14,,14,14,D,0.070375,0.003925648,0.082151945,81,Lab,,,,,0,0,0,0.0,0,0,0,Non-Reproductive,1.394625,0.970625,0.606625,1.3809375,0.9644375,0.5944375,0.9799375,0.9799375,7.0,0,0,0,0,1,1,1,0,0
15,1,F,2.525,2.043,1.622,0.077,57,2,F,Low,24/02/2018,SC,16.5,3.0,4,17,,17,17,D,0.1055,0.037496667,0.21799,84,Lab,,,,,0,0,0,0.0,0,0,0,Non-Reproductive,2.4195,1.9375,1.5165,2.42375,1.97725,1.55675,1.985916667,1.985916667,7.0,0,0,0,0,1,1,1,0,0
21,1,D,2.769,2.62,2.173,0.097,57,2,F,Low,24/02/2018,SC,17.0,3.0,4,22,1,22,22,DA,0.0935,0.007230886,0.115192658,89,Lab,,,,,0,0,0,0.0,0,0,0,Non-Reproductive,2.6755,2.5265,2.0795,2.67475,2.55625,2.13375,2.454916667,2.454916667,7.0,0,0,0,0,1,1,1,0,0
35,1,F,2.915,2.86,2.638,0.115,57,2,F,Low,24/02/2018,SC,19.5,,,35,14,35,35,DA,0.118125,0.0155236,0.164695799,102,Lab,,,,,0,0,0,0.0,0,0,0,Non-Reproductive,2.796875,2.741875,2.519875,2.8383125,2.7153125,2.5523125,2.701979167,2.701979167,,0,0,0,0,1,1,1,0,0
2,1,H,2.69,2.401,2.033,0.068,58,2,F,Low,18/02/2018,SC,17.5,,,35,14,35,35,DA,0.069,0.007309485,0.090928455,108,Lab,,,,,0,0,0,0.0,0,0,0,Non-Reproductive,2.621,2.332,1.964,2.623625,2.332125,1.980125,2.311958333,2.311958333,,0,0,0,0,1,1,1,0,0
26,1,F,2.638,2.146,1.673,0.129,58,2,F,Low,18/02/2018,SC,16.0,3.0,4,22,1,22,22,DA,0.125125,0.026835145,0.205630435,95,Lab,,,,,0,0,0,0.0,0,0,0,Non-Reproductive,2.512875,2.020875,1.547875,2.5175625,2.0580625,1.5635625,2.046395833,2.046395833,7.0,0,0,0,0,1,1,1,0,0
35,1,C,1.855,1.388,0.922,0.106,58,2,F,Low,18/02/2018,SC,16.5,3.0,4,17,,17,17,D,0.118125,0.0155236,0.164695799,90,Lab,,,,,0,0,0,0.0,0,0,0,Non-Reproductive,1.736875,1.269875,0.803875,1.7483125,1.2958125,0.8298125,1.2913125,1.2913125,7.0,0,0,0,0,1,1,1,0,0
2,1,D,2.494,2.269,1.923,0.066,59,2,F,Low,18/02/2018,ST,16.5,3.0,3,17,,17,17,D,0.069,0.007309485,0.090928455,90,Lab,,,,,0,0,0,0.0,0,0,0,Non-Reproductive,2.425,2.2,1.854,2.445125,2.177125,1.840125,2.154125,2.154125,6.0,0,0,0,0,1,1,1,0,0
16,1,E,1.972,1.389,0.93,0.075,59,2,F,Low,18/02/2018,ST,16.5,3.0,3,14,,14,14,D,0.0745,0.005042675,0.089628025,87,Lab,,,,,0,0,0,0.0,0,0,0,Non-Reproductive,1.8975,1.3145,0.8555,1.877125,1.373125,0.889625,1.379958333,1.379958333,6.0,0,0,0,0,1,1,1,0,0
16,1,G,2.892,2.695,2.481,0.071,59,2,F,Low,18/02/2018,ST,17.5,2.0,3,22,1,22,22,DD,0.0745,0.005042675,0.089628025,95,Lab,,,,,0,0,0,0.0,0,0,0,Non-Reproductive,2.8175,2.6205,2.4065,2.823625,2.595625,2.440625,2.619958333,2.619958333,5.0,1,0,0,0,1,1,1,0,0
32,1,E,3.016,2.85,2.785,0.105,59,2,F,Low,18/02/2018,ST,18.5,,,35,14,35,35,DD,0.11925,0.017685749,0.172307247,108,Lab,,,,,0,0,0,0.0,0,0,0,Non-Reproductive,2.89675,2.73075,2.66575,2.863875,2.748875,2.666875,2.759875,2.759875,,1,0,0,0,1,1,1,0,0
19,1,G,1.554,1.047,0.648,0.112,60,2,F,Low,18/02/2018,PC,17.0,,,35,14,14,14,AD,0.120375,0.011500776,0.154877329,108,Lab,,,,,0,0,0,0.0,0,0,0,Non-Reproductive,1.433625,0.926625,0.527625,1.4295625,0.9445625,0.5525625,0.9755625,0.9755625,,0,0,0,0,1,1,1,0,0
35,1,E,0.073,0.068,0.074,0.106,60,2,F,Low,18/02/2018,PC,16.5,3.0,4,14,,14,,A,0.118125,0.0155236,0.164695799,87,Lab,,,,,0,0,0,0.0,0,0,0,Non-Reproductive,-0.045125,-0.050125,-0.044125,-0.0261875,-0.0316875,-0.0326875,-0.0301875,0.0,7.0,0,0,0,0,1,1,0,0,0
3,1,D,2.11,1.846,0.885,0.064,61,2,F,Low,18/02/2018,SC,17.5,3.0,4,22,1,22,22,DA,0.085875,0.035686882,0.192935647,95,Lab,,,,,0,0,0,0.0,0,0,0,Non-Reproductive,2.024125,1.760125,0.799125,1.9964375,1.7309375,0.7889375,1.5054375,1.5054375,7.0,0,0,0,0,1,1,1,0,0
26,1,G,2.118,1.606,1.144,0.13,61,2,F,Low,18/02/2018,SC,17.0,3.0,4,14,,14,14,D,0.125125,0.026835145,0.205630435,87,Lab,,,,,0,0,0,0.0,0,0,0,Non-Reproductive,1.992875,1.480875,1.018875,1.9875625,1.5045625,1.0400625,1.510729167,1.510729167,7.0,0,0,0,0,1,1,1,0,0
29,1,D,2.566,2.145,1.708,0.092,61,2,F,Low,18/02/2018,SC,17.5,,,35,14,35,35,DA,0.110375,0.028218219,0.195029656,108,Lab,,,,,0,0,0,0.0,0,0,0,Non-Reproductive,2.455625,2.034625,1.597625,2.491875,2.068375,1.629875,2.063375,2.063375,,0,0,0,0,1,1,1,0,0
7,1,F,0.055,0.056,0.056,0.072,62,2,F,Low,18/02/2018,PC,15.5,2.0,4,14,,14,,A,0.070125,0.006174545,0.088648634,87,Lab,,,,,0,0,0,0.0,0,0,0,Non-Reproductive,-0.015125,-0.014125,-0.014125,-0.016375,-0.015875,-0.015375,-0.015875,0.0,6.0,0,0,0,0,1,1,0,0,0
11,1,D,1.09,0.664,0.386,0.077,62,2,F,Low,18/02/2018,PC,16.0,,,35,14,14,14,AD,0.07225,0.010525479,0.103826438,108,Lab,,,,,0,0,0,0.0,0,0,0,Non-Reproductive,1.01775,0.59175,0.31375,0.992,0.603,0.325,0.64,0.64,,0,0,0,0,1,1,1,0,0
18,1,H,0.068,0.068,0.068,0.085,62,2,F,Low,18/02/2018,PC,15.5,2.0,4,17,,17,,A,0.075375,0.00526274,0.091163219,90,Lab,,,,,0,0,0,0.0,0,0,0,Non-Reproductive,-0.007375,-0.007375,-0.007375,-0.003,-0.007,0.0025,-0.0025,0.0,6.0,0,0,0,0,1,1,0,0,0
15,1,D,1.386,0.912,0.565,0.094,63,2,F,Low,07/03/2018,ST,14.5,2.0,4,22,1,22,22,DD,0.1055,0.037496667,0.21799,78,Lab,,,,,0,0,0,0.0,0,0,0,Non-Reproductive,1.2805,0.8065,0.4595,1.29825,0.82325,0.47625,0.865916667,0.865916667,6.0,1,0,0,0,1,1,1,0,0
25,1,G,3.055,2.743,2.576,0.109,63,2,F,Low,07/03/2018,ST,17.0,,,35,14,35,35,DD,0.10875,0.014801062,0.153153185,91,Lab,,,,,0,0,0,0.0,0,0,0,Non-Reproductive,2.94625,2.63425,2.46725,2.91225,2.65775,2.50375,2.69125,2.69125,,1,0,0,0,1,1,1,0,0
25,1,H,1.77,1.331,0.896,0.128,63,2,F,Low,07/03/2018,ST,14.0,3.0,4,14,,14,14,D,0.10875,0.014801062,0.153153185,70,Lab,,,,,0,0,0,0.0,0,0,0,Non-Reproductive,1.66125,1.22225,0.78725,1.67275,1.19575,0.80975,1.226083333,1.226083333,7.0,0,0,0,0,1,1,1,0,0
34,1,D,2.217,1.729,1.243,0.088,63,2,F,Low,07/03/2018,ST,14.0,3.0,4,17,,17,17,D,0.101375,0.013637527,0.142287581,73,Lab,,,,,0,0,0,0.0,0,0,0,Non-Reproductive,2.115625,1.627625,1.141625,2.107125,1.621625,1.132625,1.620458333,1.620458333,7.0,0,0,0,0,1,1,1,0,0
7,1,H,2.899,2.709,2.348,0.071,64,2,F,High,07/03/2018,SC,20.0,,,35,14,35,35,DA,0.070125,0.006174545,0.088648634,91,Lab,,,,,0,0,0,0.0,0,0,0,Non-Reproductive,2.828875,2.638875,2.277875,2.809625,2.638125,2.282125,2.576625,2.576625,,0,1,0,0,1,1,1,0,0
30,1,G,2.539,2.033,1.633,0.071,64,2,F,High,07/03/2018,SC,19.0,3.0,4,22,1,22,22,DA,0.090375,0.018376518,0.145504555,78,Lab,,,,,0,0,0,0.0,0,0,0,Non-Reproductive,2.448625,1.942625,1.542625,2.4675,1.9565,1.563,1.995666667,1.995666667,7.0,0,1,0,0,1,1,1,0,0
8,1,F,1.748,1.314,0.881,0.064,65,2,F,High,23/02/2018,ST,20.0,3.0,4,17,,17,17,D,0.06375,0.005650537,0.080701612,85,Lab,,,,,0,0,0,0.0,0,0,0,Non-Reproductive,1.68425,1.25025,0.81725,1.67625,1.25425,0.79775,1.24275,1.24275,7.0,0,1,0,0,1,1,1,0,0
13,1,C,1.245,0.826,0.493,0.09,65,2,F,High,23/02/2018,ST,20.0,3.0,4,14,,14,14,D,0.0785,0.005154748,0.093964244,82,Lab,,,,,0,0,0,0.0,0,0,0,Non-Reproductive,1.1665,0.7475,0.4145,1.1799375,0.7599375,0.4214375,0.787104167,0.787104167,7.0,0,1,0,0,1,1,1,0,0
17,1,C,0.049,0.057,0.053,0.077,66,2,F,High,23/02/2018,PC,23.0,4.0,4,17,,17,,A,0.071125,0.00653425,0.090727751,85,Lab,,,,,0,0,0,0.0,0,0,0,Non-Reproductive,-0.022125,-0.014125,-0.018125,-0.0206875,-0.0166875,-0.0176875,-0.018354167,0.0,8.0,0,1,0,0,1,1,0,0,0
17,1,D,0.074,0.073,0.055,0.065,66,2,F,High,23/02/2018,PC,22.5,3.0,4,22,1,1,1,AD,0.071125,0.00653425,0.090727751,90,Lab,,,,,0,0,0,0.0,0,0,0,Non-Reproductive,0.002875,0.001875,-0.016125,0.0023125,0.0003125,-0.0161875,-0.004520833,0.0,7.0,0,1,0,0,1,1,1,0,0
23,1,C,2.086,1.694,1.164,0.415,66,2,F,High,23/02/2018,PC,22.5,,,35,14,14,14,AD,0.4355,0.13659429,0.845282869,103,Lab,,,,,0,0,0,0.0,0,0,0,Non-Reproductive,1.6505,1.2585,0.7285,1.6591875,1.2251875,0.7356875,1.2066875,1.2066875,,0,1,0,0,1,1,1,0,0
28,1,E,0.062,0.068,0.069,0.099,66,2,F,High,23/02/2018,PC,23.0,4.0,4,14,,14,,A,0.11625,0.01454795,0.159893851,82,Lab,,,,,0,0,0,0.0,0,0,0,Non-Reproductive,-0.05425,-0.04825,-0.04725,-0.0265,-0.022,-0.0295,-0.026,0.0,8.0,0,1,0,0,1,1,0,0,0
20,1,D,1.426,0.996,0.65,0.094,67,2,F,High,23/02/2018,ST,26.0,4.0,5,17,,17,17,D,0.12075,0.053742109,0.281976327,85,Lab,,,,,0,0,0,0.0,0,0,0,Non-Reproductive,1.30525,0.87525,0.52925,1.3173125,0.8763125,0.5128125,0.902145833,0.902145833,9.0,0,1,0,0,1,1,1,0,0
22,1,G,2.488,1.994,1.598,0.681,67,2,F,High,23/02/2018,ST,29.5,4.0,5,22,1,22,22,DD,0.659375,0.040305751,0.780292253,90,Lab,,,,,0,0,0,0.0,0,0,0,Non-Reproductive,1.828625,1.334625,0.938625,1.8546875,1.3521875,0.9441875,1.3836875,1.3836875,9.0,1,1,0,0,1,1,1,0,0
24,1,D,3.251,3.124,3.015,0.465,67,2,F,High,23/02/2018,ST,32.5,,,35,14,35,35,DD,0.5945,0.209919713,1.224259138,103,Lab,,,,,0,0,0,0.0,0,0,0,Non-Reproductive,2.6565,2.5295,2.4205,2.70375,2.50425,2.37475,2.527583333,2.527583333,,1,1,0,0,1,1,1,0,0
29,1,H,1.31,0.946,0.59,0.145,67,2,F,High,23/02/2018,ST,26.0,4.0,5,14,,14,14,D,0.110375,0.028218219,0.195029656,82,Lab,,,,,0,0,0,0.0,0,0,0,Non-Reproductive,1.199625,0.835625,0.479625,1.248375,0.846375,0.509375,0.868041667,0.868041667,9.0,0,1,0,0,1,1,1,0,0
12,1,D,1.81,1.236,0.738,0.058,68,2,F,High,23/02/2018,SC,21.0,3.0,4,17,,17,17,D,0.067875,0.016383245,0.117024735,85,Lab,,,,,0,0,0,0.0,0,0,0,Non-Reproductive,1.742125,1.168125,0.670125,1.758,1.1355,0.6755,1.189666667,1.189666667,7.0,0,1,0,0,1,1,1,0,0
17,1,H,2.936,2.78,2.327,0.07,68,2,F,High,23/02/2018,SC,24.0,,,35,14,35,35,DA,0.071125,0.00653425,0.090727751,103,Lab,,,,,0,0,0,0.0,0,0,0,Non-Reproductive,2.864875,2.708875,2.255875,2.8688125,2.7218125,2.2733125,2.6213125,2.6213125,,0,1,0,0,1,1,1,0,0
19,1,F,2.678,2.131,1.537,0.127,68,2,F,High,23/02/2018,SC,22.0,3.0,4,22,1,22,22,DA,0.120375,0.011500776,0.154877329,90,Lab,,,,,0,0,0,0.0,0,0,0,Non-Reproductive,2.557625,2.010625,1.416625,2.4355625,2.0540625,1.4440625,1.977895833,1.977895833,7.0,0,1,0,0,1,1,1,0,0
24,1,F,1.774,1.347,1.108,0.558,68,2,F,High,23/02/2018,SC,19.5,3.0,4,14,,14,14,D,0.5945,0.209919713,1.224259138,82,Lab,,,,,0,0,0,0.0,0,0,0,Non-Reproductive,1.1795,0.7525,0.5135,1.20125,0.74525,0.49425,0.813583333,0.0,7.0,0,1,0,0,1,1,1,0,0
1,1,H,0.079,0.07,0.066,0.071,69,2,F,High,18/02/2018,PC,23.5,3.0,4,22,1,1,1,AD,0.070375,0.003925648,0.082151945,95,Lab,,,,,0,0,0,0.0,0,0,0,Non-Reproductive,0.008625,-0.000375,-0.004375,0.0124375,0.0029375,-0.0010625,0.004770833,0.0,7.0,0,1,0,0,1,1,1,0,0
4,1,E,0.056,0.054,0.051,0.065,69,2,F,High,18/02/2018,PC,23.5,3.0,4,14,,14,,A,0.0685,0.01011364,0.09884092,87,Lab,,,,,0,0,0,0.0,0,0,0,Non-Reproductive,-0.0125,-0.0145,-0.0175,-0.0126875,-0.0151875,-0.0161875,-0.0146875,0.0,7.0,0,1,0,0,1,1,0,0,0
15,1,H,2.107,1.313,1.189,0.085,69,2,F,High,18/02/2018,PC,24.0,,,35,14,14,14,AD,0.1055,0.037496667,0.21799,108,Lab,,,,,0,0,0,0.0,0,0,0,Non-Reproductive,2.0015,1.2075,1.0835,2.02125,1.20675,1.10725,1.445083333,1.445083333,,0,1,0,0,1,1,1,0,0
12,1,H,2.208,1.681,1.153,0.064,70,2,F,High,18/02/2018,ST,19.0,3.0,4,22,1,22,22,DD,0.067875,0.016383245,0.117024735,95,Lab,,,,,0,0,0,0.0,0,0,0,Non-Reproductive,2.140125,1.613125,1.085125,2.172,1.5985,1.086,1.618833333,1.618833333,7.0,1,1,0,0,1,1,1,0,0
21,1,C,0.752,0.458,0.288,0.09,70,2,F,High,18/02/2018,ST,18.5,3.0,4,14,,14,14,D,0.0935,0.007230886,0.115192658,87,Lab,,,,,0,0,0,0.0,0,0,0,Non-Reproductive,0.6585,0.3645,0.1945,0.66975,0.36475,0.20375,0.41275,0.41275,7.0,0,1,0,0,1,1,1,0,0
34,1,E,2.888,2.574,2.263,0.087,70,2,F,High,18/02/2018,ST,19.0,,,35,14,35,35,DD,0.101375,0.013637527,0.142287581,108,Lab,,,,,0,0,0,0.0,0,0,0,Non-Reproductive,2.786625,2.472625,2.161625,2.802125,2.511625,2.186125,2.499958333,2.499958333,,1,1,0,0,1,1,1,0,0
1,1,G,1.657,1.143,0.72,0.073,71,2,F,High,18/02/2018,PC,21.5,,,35,14,14,14,AD,0.070375,0.003925648,0.082151945,108,Lab,,,,,0,0,0,0.0,0,0,0,Non-Reproductive,1.586625,1.072625,0.649625,1.5544375,1.0674375,0.6489375,1.090270833,1.090270833,,0,1,0,0,1,1,1,0,0
26,1,D,0.689,0.397,0.236,0.102,71,2,F,High,18/02/2018,PC,19.5,3.0,4,17,,17,,A,0.125125,0.026835145,0.205630435,90,Lab,,,,,0,0,0,0.0,0,0,0,Non-Reproductive,0.563875,0.271875,0.110875,0.5450625,0.2575625,0.1075625,0.303395833,0.303395833,7.0,0,1,0,0,1,1,0,0,0
29,1,G,0.064,0.076,0.077,0.102,71,2,F,High,18/02/2018,PC,19.5,3.0,4,14,,14,,A,0.110375,0.028218219,0.195029656,87,Lab,,,,,0,0,0,0.0,0,0,0,Non-Reproductive,-0.046375,-0.034375,-0.033375,-0.037625,-0.024625,-0.023125,-0.028458333,0.0,7.0,0,1,0,0,1,1,0,0,0
31,1,D,0.08,0.077,0.08,0.08,71,2,F,High,18/02/2018,PC,19.5,3.0,4,22,1,1,1,AD,0.09675,0.026537036,0.176361108,95,Lab,,,,,0,0,0,0.0,0,0,0,Non-Reproductive,-0.01675,-0.01975,-0.01675,-0.02,-0.017,-0.0145,-0.017166667,0.0,7.0,0,1,0,0,1,1,1,0,0
3,1,F,1.064,0.662,0.378,0.077,72,2,F,High,18/02/2018,SC,25.5,4.0,5,14,,14,14,D,0.085875,0.035686882,0.192935647,87,Lab,,,,,0,0,0,0.0,0,0,0,Non-Reproductive,0.978125,0.576125,0.292125,0.9709375,0.5724375,0.2934375,0.612270833,0.612270833,9.0,0,1,0,0,1,1,1,0,0
18,1,E,2.675,2.456,1.922,0.079,72,2,F,High,18/02/2018,SC,30.5,,,35,14,35,35,DA,0.075375,0.00526274,0.091163219,108,Lab,,,,,0,0,0,0.0,0,0,0,Non-Reproductive,2.599625,2.380625,1.846625,2.6065,2.3135,1.8575,2.259166667,2.259166667,,0,1,0,0,1,1,1,0,0
31,1,E,1.873,1.466,1.079,0.073,72,2,F,High,18/02/2018,SC,28.0,4.0,5,22,1,22,22,DA,0.09675,0.026537036,0.176361108,95,Lab,,,,,0,0,0,0.0,0,0,0,Non-Reproductive,1.77625,1.36925,0.98225,1.804,1.406,0.9905,1.400166667,1.400166667,9.0,0,1,0,0,1,1,1,0,0
3,1,E,1.148,0.7,0.384,0.064,835315094,,F,Low,,DD,14.5,2.0,2,16,,16,16,D,0.059625,0.004090767,0.071897301,,Wild,3,A,P,70,0,0,0,0.0,0,0,0,Reproductive,1.088375,0.640375,0.324375,1.107,0.626,0.3285,0.687166667,0.687166667,4.0,0,0,0,1,1,0,1,0,0
5,1,C,1.074,0.65,0.38,0.051,835315094,,F,Low,,DD,15.0,3.0,3,14,,14,14,D,0.058285714,0.008344618,0.083319569,,Wild,3,A,P,79,1,0,1,0.0,0,0,0,Reproductive,1.015714286,0.591714286,0.321714286,1.059785715,0.615785715,0.338785715,0.671452381,0.671452381,6.0,0,0,0,1,1,0,1,0,0
16,1,G,2.261,1.688,1.045,0.064,835315094,,F,Low,,DD,17.5,3.0,2,37,16,37,37,DD,0.0655,0.005809475,0.082928425,,Wild,3,A,G,80,3,0,1,0.0,2,0,0,Reproductive,2.1955,1.6225,0.9795,2.1336875,1.5876875,1.0011875,1.5741875,1.5741875,5.0,1,0,0,1,1,0,1,0,0
8,1,G,0.075,0.065,0.055,0.057,835318081,,M,High,,D,15.5,3.0,4,6,,6,6,D,0.060375,0.005475799,0.076802397,,Wild,1,SA,A,80,0,0,0,0.0,0,0,0,Non-Reproductive,0.014625,0.004625,-0.005375,0.0181875,0.0066875,-0.0003125,0.0081875,0.0,7.0,0,1,1,0,0,0,1,0,0
4,1,F,0.083,0.06,0.061,0.064,835319552,,M,Low,,AD,21.0,2.0,2,27,7,7,7,AD,0.066571429,0.014646864,0.110512019,,Wild,3,A,D,94,2,0,3,0.0,0,0,0,Non-Reproductive,0.016428571,-0.006571429,-0.005571429,0.011285714,-0.006714286,-0.005714286,-0.000380953,0.0,4.0,0,0,1,0,1,0,1,0,0
8,1,E,0.051,0.051,0.05,0.06,835319552,,M,Low,,AD,18.5,3.0,3,13,,13,,A,0.060375,0.005475799,0.076802397,,Wild,3,A,S,86,0,1,1,0.0,0,0,0,Reproductive,-0.009375,-0.009375,-0.010375,-0.0088125,-0.0078125,-0.0093125,-0.008645833,0.0,6.0,0,0,1,1,1,0,0,0,0
13,1,E,0.056,0.052,0.068,0.056,835319552,,M,Low,,AD,19.5,2.0,2,20,0,20,,A,0.0595,0.004213075,0.072139225,,Wild,3,A,D,83,0,0,1,0.0,0,0,0,Non-Reproductive,-0.0035,-0.0075,0.0085,-0.00075,-0.00475,0.01075,0.00175,0.0,4.0,0,0,1,0,1,0,0,0,0
4,1,E,0.051,0.05,0.052,0.063,835338025,,F,High,,D,26.0,2.0,2,6,,6,6,D,0.066571429,0.014646864,0.110512019,,Wild,2,A,G,90,5,1,3,0.0,0,0,0,Reproductive,-0.015571429,-0.016571429,-0.014571429,-0.016214286,-0.017714286,-0.016714286,-0.016880953,0.0,4.0,0,1,0,1,1,0,1,0,0
14,1,G,1.289,0.853,0.489,0.066,835338025,,F,High,,D,22.5,2.0,3,14,,14,14,D,0.063375,0.004922842,0.078143527,,Wild,2,A,P,87,0,0,6,0.0,0,0,0,Reproductive,1.225625,0.789625,0.425625,1.24775,0.78475,0.43075,0.821083333,0.821083333,5.0,0,1,0,1,1,0,1,0,0
1,1,E,2.026,1.489,0.929,0.066,835338101,,F,High,,DD,25.0,2.0,3,63,44,63,63,DD,0.070625,0.014585417,0.11438125,,Wild,2,A,G/L,90,0,0,1,0.0,0,0,0,Reproductive,1.955375,1.418375,0.858375,1.990116072,1.411616072,0.847116072,1.416282738,1.416282738,5.0,1,1,0,1,1,0,1,0,0
7,1,F,1.933,1.179,0.868,0.053,835338101,,F,High,,DD,27.0,2.0,2,54,35,54,54,DD,0.055125,0.003407253,0.06534676,,Wild,2,A,L,90,0,0,0,0.0,0,0,0,Reproductive,1.877875,1.123875,0.812875,1.8888125,1.1203125,0.8063125,1.2718125,1.2718125,4.0,1,1,0,1,1,0,1,0,0
16,1,D,1.822,1.271,0.734,0.06,835338101,,F,High,,DD,24.0,2.0,2,19,0,19,19,D,0.0655,0.005809475,0.082928425,,Wild,2,A,P,85,0,0,0,0.0,0,0,0,Reproductive,1.7565,1.2055,0.6685,1.7316875,1.1786875,0.6561875,1.188854167,1.188854167,4.0,0,1,0,1,1,0,1,0,0
18,1,F,1.096,0.665,0.372,0.06,835338101,,F,High,,DD,21.0,2.0,3,13,,13,13,D,0.0615,0.006751543,0.081754629,,Wild,2,A,P,81,0,0,4,0.0,0,0,0,Reproductive,1.0345,0.6035,0.3105,1.046583334,0.605583334,0.315083334,0.65575,0.65575,5.0,0,1,0,1,1,0,1,0,0
18,1,H,2.757,2.404,1.744,0.311,835338101,,F,High,,DD,26.0,2.0,2,33,14,33,33,DD,0.0615,0.006751543,0.081754629,,Wild,2,A,G,88,0,0,0,0.0,0,0,0,Reproductive,2.6955,2.3425,1.6825,2.654083334,2.343083334,1.696583334,2.23125,2.23125,4.0,1,1,0,1,1,0,1,0,0
2,1,G,0.052,0.049,0.05,0.071,835339783,,F,High,,AD,21.0,2.0,3,6,,6,,A,0.060875,0.005710462,0.078006386,,Wild,1,A,P,96,0,0,0,0.0,0,0,0,Reproductive,-0.008875,-0.011875,-0.010875,-0.0094375,-0.0089375,-0.0084375,-0.0089375,0.0,5.0,0,1,0,1,1,0,0,1,22
8,1,C,0.06,0.056,0.053,0.056,835339783,,F,Low,,AD,22.0,3.0,3,48,0,48,,A,0.060375,0.005475799,0.076802397,,Wild,4,A,P,92,1,0,1,0.0,0,0,0,Reproductive,-0.000375,-0.004375,-0.007375,-0.0008125,-0.0038125,-0.0068125,-0.0038125,0.0,6.0,0,0,0,1,1,0,0,1,22
9,1,F,0.053,0.051,0.048,0.059,835339783,,F,High,,AD,22.0,3.0,3,29,,29,,A,0.06525,0.011188722,0.098816166,,Wild,1,A,P,85,0,0,1,0.0,0,0,0,Reproductive,-0.01225,-0.01425,-0.01725,-0.0085,-0.0145,-0.018,-0.013666667,0.0,6.0,0,1,0,1,1,0,0,1,22
10,1,F,0.06,0.061,0.054,0.064,835339783,,F,Low,,AD,25.0,3.0,3,50,2,2,2,AD,0.065125,0.005254462,0.080888387,,Wild,4,A,P,93,0,0,0,0.0,0,0,0,Reproductive,-0.005125,-0.004125,-0.011125,0.000125,-0.006875,-0.012375,-0.006375,0.0,6.0,0,0,0,1,1,0,1,1,22
12,1,G,0.047,0.048,0.047,0.057,835339783,,F,High,,AD,25.0,2.0,2,22,,22,,A,0.05775,0.005117372,0.073102117,,Wild,1,A,G,90,2,0,0,0.0,0,0,0,Reproductive,-0.01075,-0.00975,-0.01075,-0.0085625,-0.0095625,-0.0065625,-0.008229167,0.0,4.0,0,1,0,1,1,0,0,1,22
19,1,E,1.575,0.979,0.571,0.054,835339783,,F,Low,,AD,17.5,2.0,2,63,15,15,15,AD,0.06325,0.006057021,0.081421062,,Wild,4,A,NP,92,8,0,0,0.0,22,0,0,Non-Reproductive,1.51175,0.91575,0.50775,1.5593125,0.9393125,0.5078125,1.002145833,1.002145833,4.0,0,0,0,0,1,0,1,1,22
1,1,D,0.403,0.246,0.143,0.067,835339845,,M,High,,DA,23.5,2.0,2,33,13,33,33,DA,0.070625,0.014585417,0.11438125,,Wild,1,A,S,93,0,1,1,0.802,30,120,0,Reproductive,0.332375,0.175375,0.072375,0.339116072,0.172616072,0.078116072,0.196616072,0.196616072,4.0,0,1,1,1,1,0,1,1,30
3,1,C,0.713,0.396,0.232,0.06,835339845,,M,High,,DA,24.5,2.0,2,21,1,21,21,DA,0.059625,0.004090767,0.071897301,,Wild,1,A,S,85,0,1,0,0.0,0,0,0,Reproductive,0.653375,0.336375,0.172375,0.635,0.338,0.169,0.380666667,0.380666667,4.0,0,1,1,1,1,0,1,0,0
15,1,F,1.577,0.965,0.546,0.063,835340005,,M,High,,DD,26.5,2.0,3,34,14,34,34,DD,0.069285714,0.01072666,0.101465693,,Wild,1,A,S,99,0,0,0,0.888,17,1,2,Reproductive,1.507714286,0.895714286,0.476714286,1.481357143,0.870357143,0.483857143,0.945190476,0.945190476,5.0,1,1,1,1,1,0,1,1,17
7,1,H,0.642,0.357,0.215,0.06,835340593,,M,High,,DD,19.0,3.0,2,19,0,19,19,D,0.055125,0.003407253,0.06534676,,Wild,2,A,D,81,0,0,0,0.0,0,0,0,Non-Reproductive,0.586875,0.301875,0.159875,0.5913125,0.3033125,0.1613125,0.351979167,0.351979167,5.0,0,1,1,0,1,0,1,0,0
10,1,C,0.628,0.353,0.197,0.069,835340593,,M,Low,,DD,19.0,3.0,3,14,,14,14,D,0.065125,0.005254462,0.080888387,,Wild,3,A,S,75,0,0,0,0.0,0,0,0,Reproductive,0.562875,0.287875,0.131875,0.569625,0.281625,0.133125,0.328125,0.328125,6.0,0,0,1,1,1,0,1,0,0
15,1,E,2.157,1.561,0.914,0.059,835340593,,M,High,,DD,20.0,2.0,2,26,7,26,26,DD,0.069285714,0.01072666,0.101465693,,Wild,2,A,D,91,1,1,1,0.0,0,0,0,Non-Reproductive,2.087714286,1.491714286,0.844714286,1.992857143,1.411857143,0.850857143,1.41852381,1.41852381,4.0,1,1,1,0,1,0,1,0,0
18,1,G,0.768,0.437,0.256,0.057,835340593,,M,Low,,DD,18.5,3.0,3,21,2,21,21,DD,0.0615,0.006751543,0.081754629,,Wild,3,A,S,78,0,0,0,0.0,0,0,0,Reproductive,0.7065,0.3755,0.1945,0.723083334,0.378583334,0.198583334,0.433416667,0.433416667,6.0,1,0,1,1,1,0,1,0,0
1,1,F,0.057,0.053,0.05,0.055,835346074,,M,High,,AD,27.5,3.0,4,21,2,2,2,AD,0.070625,0.014585417,0.11438125,,Wild,1,A,S,92,0,0,3,0.0,0,0,0,Reproductive,-0.013625,-0.017625,-0.020625,-0.008383929,-0.013883929,-0.015383929,-0.012550595,0.0,7.0,0,1,1,1,1,0,1,1,20
10,1,G,0.166,0.114,0.08,0.067,835346074,,M,High,,AD,25.5,2.0,2,26,7,7,7,AD,0.065125,0.005254462,0.080888387,,Wild,1,A,S,90,1,0,0,0.0,0,0,0,Reproductive,0.100875,0.048875,0.014875,0.105625,0.051125,0.012125,0.056291667,0.0,4.0,0,1,1,1,1,0,1,1,20
13,1,D,0.056,0.053,0.054,0.054,835346074,,M,High,,AD,26.0,2.0,2,12,,12,,A,0.0595,0.004213075,0.072139225,,Wild,1,A,S,80,3,0,0,0.0,0,0,0,Reproductive,-0.0035,-0.0065,-0.0055,-0.00325,-0.00575,-0.00275,-0.003916667,0.0,4.0,0,1,1,1,1,0,0,1,20
19,1,D,0.72,0.428,0.242,0.062,835346074,,M,High,,AD,27.0,3.0,3,33,14,14,14,AD,0.06325,0.006057021,0.081421062,,Wild,1,A,S,80,12,0,0,0.973,20,3,3,Reproductive,0.65675,0.36475,0.17875,0.6763125,0.3648125,0.1798125,0.406979167,0.406979167,6.0,0,1,1,1,1,0,1,1,20
17,1,E,0.061,0.057,0.052,0.068,836583578,,M,High,,D,19.0,2.0,2,36,,36,36,D,0.069125,0.006352903,0.088183709,,Wild,2,A,A,83,4,0,0,0.0,0,0,0,Non-Reproductive,-0.008125,-0.012125,-0.017125,-0.0065625,-0.0150625,-0.0195625,-0.013729167,0.0,4.0,0,1,1,0,1,0,1,0,0
6,1,G,2.786,2.392,1.751,0.052,836613123,,M,High,,DD,20.0,3.0,2,36,8,36,36,DD,0.0595,0.005123475,0.074870426,,Wild,2,A,D,85,2,0,1,0.13,7,10,0,Non-Reproductive,2.7265,2.3325,1.6915,2.6966875,2.2896875,1.7096875,2.232020833,2.232020833,5.0,1,1,1,0,1,0,1,1,7
14,1,D,0.26,0.163,0.105,0.065,836613123,,M,High,,DD,19.0,3.0,2,7,,7,7,D,0.063375,0.004922842,0.078143527,,Wild,2,A,D,82,0,0,5,0.0,0,0,0,Non-Reproductive,0.196625,0.099625,0.041625,0.20475,0.10025,0.04275,0.115916667,0.115916667,5.0,0,1,1,0,1,0,1,1,7
17,1,F,1.56,0.943,0.576,0.078,836613123,,M,High,,DD,18.0,2.0,2,28,0,28,28,D,0.069125,0.006352903,0.088183709,,Wild,2,A,S,78,1,0,4,0.0,0,0,0,Reproductive,1.490875,0.873875,0.506875,1.4729375,0.8629375,0.5049375,0.9469375,0.9469375,4.0,0,1,1,1,1,0,1,1,7
1,1,H,2.036,0.625,1.48,0.063,836840260,,M,Low,,DA,18.5,2.0,2,19,0,19,19,D,0.070625,0.014585417,0.11438125,,Wild,3,A,D,90,0,1,2,0.0,0,0,0,Non-Reproductive,1.965375,0.554375,1.409375,1.926616072,0.555616072,1.413116072,1.298449405,1.298449405,4.0,0,0,1,0,1,0,1,1,2
8,1,H,0.637,0.062,0.343,0.059,836840260,,M,Low,,DA,17.0,3.0,4,12,,12,12,D,0.060375,0.005475799,0.076802397,,Wild,3,A,D,80,2,0,1,0.0,0,0,0,Non-Reproductive,0.576625,0.001625,0.282625,0.5921875,0.0056875,0.2886875,0.295520833,0.295520833,7.0,0,0,1,0,1,0,1,1,2
12,1,E,1.965,1.279,0.762,0.051,836840260,,M,High,,DA,17.0,2.0,2,26,7,26,26,DA,0.05775,0.005117372,0.073102117,,Wild,2,A,D,79,1,0,0,0.0,0,0,0,Non-Reproductive,1.90725,1.22125,0.70425,1.9244375,1.2279375,0.7099375,1.2874375,1.2874375,4.0,0,1,1,0,1,0,1,1,2
19,1,C,1.931,1.263,0.79,0.069,836840260,,M,Low,,DA,16.0,2.0,2,33,14,33,33,DA,0.06325,0.006057021,0.081421062,,Wild,3,A,D,77,0,0,1,0.131,2,105,0,Non-Reproductive,1.86775,1.19975,0.72675,1.8468125,1.1963125,0.7273125,1.2568125,1.2568125,4.0,0,0,1,0,1,0,1,1,2
14,1,H,1.752,1.22,0.709,0.073,836840794,,M,Low,,DD,28.0,3.0,3,27,1,27,27,DD,0.063375,0.004922842,0.078143527,,Wild,4,A,S,94,0,0,4,0.0,0,0,0,Reproductive,1.688625,1.156625,0.645625,1.70275,1.14325,0.64425,1.163416667,1.163416667,6.0,1,0,1,1,1,0,1,1,22
16,1,H,1.542,0.95,0.561,0.064,836840794,,M,Low,,DD,23.0,3.0,3,26,0,26,26,D,0.0655,0.005809475,0.082928425,,Wild,4,A,S,90,0,0,3,0.0,0,0,0,Reproductive,1.4765,0.8845,0.4955,1.4731875,0.8841875,0.4961875,0.9511875,0.9511875,6.0,0,0,1,1,1,0,1,1,22
19,1,F,1.95,1.311,0.822,0.056,836840794,,M,Low,,DD,25.0,3.0,3,40,14,40,40,DD,0.06325,0.006057021,0.081421062,,Wild,4,A,S,80,0,0,1,1.001,26,45,0,Reproductive,1.88675,1.24775,0.75875,1.8868125,1.2383125,0.7613125,1.295479167,1.295479167,6.0,1,0,1,1,1,0,1,1,22
2,1,F,2.312,1.522,1.03,0.06,836841279,,F,Low,,AD,21.0,2.0,3,33,14,14,14,AD,0.060875,0.005710462,0.078006386,,Wild,3,A,P,90,0,0,10,0.0,16,0,1,Reproductive,2.251125,1.461125,0.969125,2.2085625,1.4940625,0.9365625,1.546395833,1.546395833,5.0,0,0,0,1,1,0,1,1,16
9,1,G,0.053,0.052,0.052,0.063,836841279,,F,Low,,AD,21.0,3.0,4,20,1,1,1,AD,0.06525,0.011188722,0.098816166,,Wild,3,A,NP,82,3,0,0,0.0,0,0,0,Non-Reproductive,-0.01225,-0.01325,-0.01325,-0.0125,-0.0125,-0.012,-0.012333333,0.0,7.0,0,0,0,0,1,0,1,1,16
4,1,H,0.082,0.071,0.06,0.061,836841827,,M,Low,,AD,25.0,2.0,2,34,7,7,7,AD,0.066571429,0.014646864,0.110512019,,Wild,4,A,S,100,0,0,4,0.0,0,0,0,Reproductive,0.015428571,0.004428571,-0.006571429,0.036785714,0.002285714,-0.004714286,0.011452381,0.0,4.0,0,0,1,1,1,0,1,1,42
19,1,G,1.55,0.937,0.576,0.066,836841827,,M,Low,,AD,23.0,3.0,3,41,14,14,14,AD,0.06325,0.006057021,0.081421062,,Wild,4,A,S,89,0,1,1,0.862,42,30,0,Reproductive,1.48675,0.87375,0.51275,1.5053125,0.9053125,0.5203125,0.976979167,0.976979167,6.0,0,0,1,1,1,0,1,1,42
3,1,G,0.225,0.146,0.096,0.061,836844519,,M,High,,AD,23.0,2.0,2,36,15,15,15,AD,0.059625,0.004090767,0.071897301,,Wild,2,A,S,100,6,0,0,0.8,99,12,0,Reproductive,0.165375,0.086375,0.036375,0.1685,0.086,0.0385,0.097666667,0.097666667,4.0,0,1,1,1,1,0,1,1,99
2,1,E,0.594,0.351,0.199,0.058,836859050,,M,High,,DA,26.0,2.0,2,28,7,28,28,DA,0.060875,0.005710462,0.078006386,,Wild,2,A,S,95,10,0,2,0.0,0,0,0,Reproductive,0.533125,0.290125,0.138125,0.5510625,0.2885625,0.1405625,0.326729167,0.326729167,4.0,0,1,1,1,1,0,1,1,181
3,1,D,0.335,0.191,0.122,0.063,836859050,,M,High,,DA,27.0,2.0,2,42,21,42,42,DA,0.059625,0.004090767,0.071897301,,Wild,2,A,S,87,2,0,0,0.746,181,0,0,Reproductive,0.275375,0.131375,0.062375,0.2745,0.1335,0.061,0.156333333,0.156333333,4.0,0,1,1,1,1,0,1,1,181
7,1,C,0.913,0.526,0.302,0.052,836859050,,M,High,,DA,25.5,2.0,3,21,0,21,21,D,0.055125,0.003407253,0.06534676,,Wild,2,A,S,96,0,1,0,0.0,0,0,0,Reproductive,0.857875,0.470875,0.246875,0.8478125,0.4723125,0.2428125,0.520979167,0.520979167,5.0,0,1,1,1,1,0,1,1,181
12,1,H,0.741,0.44,0.246,0.056,836859050,,M,High,,DA,27.5,3.0,4,22,1,22,22,DA,0.05775,0.005117372,0.073102117,,Wild,2,A,S,94,1,0,1,0.0,0,0,0,Reproductive,0.68325,0.38225,0.18825,0.6969375,0.3799375,0.1954375,0.424104167,0.424104167,7.0,0,1,1,1,1,0,1,1,181
16,1,C,1.02,0.6,0.339,0.065,836859050,,M,High,,DA,28.5,3.0,3,15,,15,15,D,0.0655,0.005809475,0.082928425,,Wild,2,A,S,95,3,0,5,0.0,0,0,0,Reproductive,0.9545,0.5345,0.2735,0.9551875,0.5326875,0.2646875,0.5841875,0.5841875,6.0,0,1,1,1,1,0,1,1,181
14,1,F,0.426,0.255,0.153,0.063,836866272,,F,High,,DA,25.5,2.0,3,35,14,35,35,DA,0.063375,0.004922842,0.078143527,,Wild,2,A,G,80,0,0,0,0.0,0,0,0,Reproductive,0.362625,0.191625,0.089625,0.37925,0.19275,0.09475,0.22225,0.22225,5.0,0,1,0,1,1,0,1,0,0
6,1,F,1.047,0.583,0.339,0.058,840121589,,F,Low,,D,12.5,2.0,2,13,,13,13,D,0.0595,0.005123475,0.074870426,,Wild,4,A,P,67,1,0,0,0.0,0,0,0,Reproductive,0.9875,0.5235,0.2795,0.9611875,0.5246875,0.2816875,0.5891875,0.5891875,4.0,0,0,0,1,1,0,1,0,0
10,1,H,0.066,0.062,0.07,0.061,840121589,,F,Low,,D,16.0,2.0,2,6,,6,6,D,0.065125,0.005254462,0.080888387,,Wild,4,SA,P,60,0,0,0,0.0,0,0,0,Reproductive,0.000875,-0.003125,0.004875,0.005625,-0.001875,0.004125,0.002625,0.0,4.0,0,0,0,1,0,0,1,0,0
18,1,E,0.69,0.41,0.23,0.12,840121589,,F,Low,,D,12.5,2.0,2,15,,15,15,D,0.0615,0.006751543,0.081754629,,Wild,4,SA,NP,68,1,0,1,0.0,0,0,0,Non-Reproductive,0.6285,0.3485,0.1685,0.653083334,0.357083334,0.172083334,0.394083334,0.394083334,4.0,0,0,0,0,0,0,1,0,0
5,1,F,0.047,0.049,0.048,0.057,840280097,,M,Low,,AD,15.5,2.0,2,14,,14,,A,0.058285714,0.008344618,0.083319569,,Wild,3,A,D,82,2,0,0,0.0,0,0,0,Non-Reproductive,-0.011285714,-0.009285714,-0.010285714,-0.012714286,-0.012214286,-0.012714286,-0.012547619,0.0,4.0,0,0,1,0,1,0,0,0,0
5,1,E,1.235,0.748,0.478,0.077,840285293,,M,High,,D,16.0,3.0,2,13,,13,13,D,0.058285714,0.008344618,0.083319569,,Wild,2,A,A,85,0,0,1,0.0,0,0,0,Non-Reproductive,1.176714286,0.689714286,0.419714286,1.226785715,0.719285715,0.424785715,0.790285715,0.790285715,5.0,0,1,1,0,1,0,1,0,0
11,1,F,1.517,0.88,0.526,0.059,840288296,,F,High,,D,14.5,2.0,3,15,,15,15,D,0.05475,0.005214163,0.07039249,,Wild,1,A,NP,85,0,0,1,0.0,0,0,0,Non-Reproductive,1.46225,0.82525,0.47125,1.4200625,0.8315625,0.4655625,0.905729167,0.905729167,5.0,0,1,0,0,1,0,1,0,0
15,1,C,0.727,0.43,0.239,0.088,840288296,,F,High,,D,15.5,3.0,3,7,,7,7,D,0.069285714,0.01072666,0.101465693,,Wild,1,A,NP,83,0,0,3,0.0,0,0,0,Non-Reproductive,0.657714286,0.360714286,0.169714286,0.668357143,0.342357143,0.163357143,0.391357143,0.391357143,6.0,0,1,0,0,1,0,1,0,0
1,1,G,0.055,0.08,0.051,0.06,840289049,,F,Low,,A,13.0,3.0,2,9,,9,,A,0.070625,0.014585417,0.11438125,,Wild,4,A,NP,77,0,0,1,0.0,0,0,0,Non-Reproductive,-0.015625,0.009375,-0.019625,-0.012383929,0.013616072,-0.012383929,-0.003717262,0.0,5.0,0,0,0,0,1,0,0,0,0
15,1,D,0.05,0.052,0.052,0.062,840289049,,F,Low,,A,12.5,3.0,3,15,,15,,A,0.069285714,0.01072666,0.101465693,,Wild,4,A,NP,79,2,0,0,0.0,0,0,0,Non-Reproductive,-0.019285714,-0.017285714,-0.017285714,-0.020642857,-0.021142857,-0.018642857,-0.020142857,0.0,6.0,0,0,0,0,1,0,0,0,0
7,1,D,0.049,0.048,0.048,0.052,840301005,,M,Low,,A,20.0,2.0,2,7,,7,,A,0.055125,0.003407253,0.06534676,,Wild,4,A,S,88,2,0,6,0.792,5,21,0,Reproductive,-0.006125,-0.007125,-0.007125,-0.0056875,-0.0046875,-0.0056875,-0.005354167,0.0,4.0,0,0,1,1,1,0,0,1,5
6,1,C,1.633,1.022,0.614,0.057,841074265,,F,Low,,DA,14.5,2.0,2,30,9,30,30,DA,0.0595,0.005123475,0.074870426,,Wild,3,A,P,72,0,0,1,0.0,0,0,0,Reproductive,1.5735,0.9625,0.5545,1.5521875,0.9686875,0.5601875,1.027020833,1.027020833,4.0,0,0,0,1,1,0,1,1,8
6,1,D,1.945,1.349,0.794,0.055,841074265,,F,Low,,DA,16.0,2.0,2,35,14,35,35,DA,0.0595,0.005123475,0.074870426,,Wild,3,SA,NP,74,0,0,0,0.0,8,2,0,Non-Reproductive,1.8855,1.2895,0.7345,1.8591875,1.2481875,0.7401875,1.282520833,1.282520833,4.0,0,0,0,0,0,0,1,1,8
5,1,G,0.243,0.154,0.1,0.055,841076790,,F,Low,,DA,23.0,2.0,2,64,43,64,64,DA,0.058285714,0.008344618,0.083319569,,Wild,3,A,P,90,0,0,0,0.0,20,0,1,Reproductive,0.184714286,0.095714286,0.041714286,0.195785715,0.096285715,0.041785715,0.111285715,0.111285715,4.0,0,0,0,1,1,0,1,1,20
6,1,E,0.45,0.237,0.165,0.061,841076790,,F,Low,,DA,21.0,3.0,3,8,,8,8,D,0.0595,0.005123475,0.074870426,,Wild,3,A,P,80,0,2,0,0.0,0,0,0,Reproductive,0.3905,0.1775,0.1055,0.3956875,0.1806875,0.1106875,0.229020833,0.229020833,6.0,0,0,0,1,1,0,1,1,20
7,1,G,0.442,0.254,0.155,0.055,841076790,,F,Low,,DA,23.0,3.0,3,29,8,29,29,DA,0.055125,0.003407253,0.06534676,,Wild,3,A,G,80,1,0,0,0.0,0,0,0,Reproductive,0.386875,0.198875,0.099875,0.3963125,0.2018125,0.1028125,0.233645833,0.233645833,6.0,0,0,0,1,1,0,1,1,20
18,1,D,0.117,0.287,0.154,0.054,841076790,,F,Low,,DA,21.5,2.0,2,51,30,51,51,DA,0.0615,0.006751543,0.081754629,,Wild,3,A,L,92,0,0,0,0.0,0,0,0,Reproductive,0.0555,0.2255,0.0925,0.057583334,0.230583334,0.094583334,0.127583334,0.127583334,4.0,0,0,0,1,1,0,1,1,20
12,1,F,0.048,0.053,0.048,0.067,841077105,,F,High,,A,17.5,2.0,3,43,,43,,A,0.05775,0.005117372,0.073102117,,Wild,1,A,NP,85,1,0,0,0.0,0,0,0,Non-Reproductive,-0.00975,-0.00475,-0.00975,-0.0065625,-0.0035625,-0.0040625,-0.004729167,0.0,5.0,0,1,0,0,1,0,0,0,0
16,1,E,0.068,0.07,0.06,0.057,841079006,,M,High,,D,23.5,2.0,3,50,,50,50,D,0.0655,0.005809475,0.082928425,,Wild,2,A,S,90,1,0,3,0.0,0,0,0,Reproductive,0.0025,0.0045,-0.0055,0.0081875,0.0046875,-0.0068125,0.002020833,0.0,5.0,0,1,1,1,1,0,1,0,0
2,1,D,1.752,1.038,0.672,0.07,841079632,,M,High,,DD,17.0,3.0,3,27,0,27,27,D,0.060875,0.005710462,0.078006386,,Wild,2,A,S,71,0,0,0,0.0,0,0,0,Reproductive,1.691125,0.977125,0.611125,1.6470625,0.9860625,0.5925625,1.075229167,1.075229167,6.0,0,1,1,1,1,0,1,0,0
3,1,H,1.231,0.575,0.38,0.054,841079632,,M,High,,DD,18.5,3.0,3,13,,13,13,D,0.059625,0.004090767,0.071897301,,Wild,2,A,D,87,0,0,0,0.0,0,0,0,Non-Reproductive,1.171375,0.515375,0.320375,1.1625,0.5165,0.3245,0.667833333,0.667833333,6.0,0,1,1,0,1,0,1,0,0
15,1,G,0.213,0.132,0.087,0.061,841084077,,M,High,,D,18.5,2.0,3,6,,6,6,D,0.069285714,0.01072666,0.101465693,,Wild,1,A,D,90,0,0,0,0.0,0,0,0,Non-Reproductive,0.143714286,0.062714286,0.017714286,0.151357143,0.063357143,0.019357143,0.07802381,0.0,5.0,0,1,1,0,1,0,1,0,0
10,1,D,0.066,0.062,0.056,0.063,841089838,,M,High,,D,28.0,2.0,2,7,,7,7,D,0.065125,0.005254462,0.080888387,,Wild,2,A,S,100,3,0,2,0.0,0,0,0,Reproductive,0.000875,-0.003125,-0.009125,-0.000375,-0.005375,-0.010375,-0.005375,0.0,4.0,0,1,1,1,1,0,1,0,0
12,1,C,0.838,0.497,0.278,0.057,841089838,,M,High,,D,25.0,3.0,3,16,,16,16,D,0.05775,0.005117372,0.073102117,,Wild,2,A,S,98,2,0,3,0.0,0,0,0,Reproductive,0.78025,0.43925,0.22025,0.7919375,0.4469375,0.2274375,0.488770833,0.488770833,6.0,0,1,1,1,1,0,1,0,0
4,1,D,0.096,0.08,0.086,0.057,841090031,,M,Low,,DD,13.0,3.0,3,6,,6,6,D,0.066571429,0.014646864,0.110512019,,Wild,3,SA,A,70,1,0,2,0.0,0,0,0,Non-Reproductive,0.029428571,0.013428571,0.019428571,0.027785714,0.010785714,0.020285714,0.019619047,0.0,6.0,0,0,1,0,0,0,1,1,5
4,1,G,2.739,2.374,1.598,0.058,841090031,,M,Low,,DD,14.0,2.0,2,27,7,27,27,DD,0.066571429,0.014646864,0.110512019,,Wild,3,A,A,68,0,0,0,0.0,0,0,0,Non-Reproductive,2.672428571,2.307428571,1.531428571,2.523285714,2.199285714,1.529785714,2.084119047,2.084119047,4.0,1,0,1,0,1,0,1,1,5
6,1,H,1.951,1.445,0.867,0.063,841090031,,M,Low,,DD,13.5,3.0,3,13,,13,13,D,0.0595,0.005123475,0.074870426,,Wild,3,A,A,79,4,0,3,0.0,0,0,0,Non-Reproductive,1.8915,1.3855,0.8075,1.8931875,1.3811875,0.8176875,1.364020833,1.364020833,6.0,0,0,1,0,1,0,1,1,5
1,1,C,0.057,0.059,0.049,0.105,841092547,,F,High,,A,21.0,2.0,2,9,,9,,A,0.070625,0.014585417,0.11438125,,Wild,2,A,P,89,2,0,1,0.0,0,0,0,Reproductive,-0.013625,-0.011625,-0.021625,-0.009383928,-0.010883929,-0.016383929,-0.012217262,0.0,4.0,0,1,0,1,1,0,0,0,0
11,1,E,0.053,0.061,0.054,0.053,841092547,,F,High,,A,25.5,2.0,2,0,,0,,A,0.05475,0.005214163,0.07039249,,Wild,2,A,L,90,5,0,1,0.0,0,0,0,Reproductive,-0.00175,0.00625,-0.00075,0.0020625,0.0065625,0.0010625,0.003229167,0.0,4.0,0,1,0,1,1,0,0,0,0
2,1,C,2.29,1.593,1.027,0.055,841093014,,F,High,,DD,23.0,3.0,3,29,9,29,29,DD,0.060875,0.005710462,0.078006386,,Wild,2,A,P,92,0,0,0,0.0,0,0,0,Reproductive,2.229125,1.532125,0.966125,2.1980625,1.5060625,0.9390625,1.547729167,1.547729167,6.0,1,1,0,1,1,0,1,1,24
11,1,C,0.239,0.144,0.092,0.052,841093014,,F,High,,DD,23.5,3.0,3,21,1,21,21,DD,0.05475,0.005214163,0.07039249,,Wild,2,A,P,85,3,0,3,0.0,0,0,0,Reproductive,0.18425,0.08925,0.03725,0.1845625,0.0900625,0.0400625,0.104895833,0.104895833,6.0,1,1,0,1,1,0,1,1,24
12,1,D,0.946,0.521,0.293,0.051,841093014,,F,High,,DD,22.0,2.0,2,48,28,48,48,DD,0.05775,0.005117372,0.073102117,,Wild,2,A,P,75,1,0,0,0.0,24,0,0,Reproductive,0.88825,0.46325,0.23525,0.8544375,0.4584375,0.2369375,0.516604167,0.516604167,4.0,1,1,0,1,1,0,1,1,24
14,1,E,2.935,2.505,2.387,0.056,841098806,,F,Low,,DD,16.0,3.0,3,27,7,27,27,DD,0.063375,0.004922842,0.078143527,,Wild,3,A,P,81,0,0,0,0.0,0,0,0,Reproductive,2.871625,2.441625,2.323625,2.89125,2.29375,2.31525,2.500083333,2.500083333,6.0,1,0,0,1,1,0,1,0,0
18,1,C,1.677,1.122,0.643,0.057,841098806,,F,Low,,DD,15.5,2.0,2,20,0,20,20,D,0.0615,0.006751543,0.081754629,,Wild,3,A,P,65,0,0,2,0.0,0,0,0,Reproductive,1.6155,1.0605,0.5815,1.631583334,1.036083334,0.577583334,1.08175,1.08175,4.0,0,0,0,1,1,0,1,0,0
3,1,F,2.274,1.537,0.911,0.063,841104851,,M,Low,,DA,18.0,3.0,3,26,7,26,26,DA,0.059625,0.004090767,0.071897301,,Wild,3,A,D,81,0,0,2,0.0,0,0,0,Non-Reproductive,2.214375,1.477375,0.851375,2.1425,1.4475,0.8565,1.482166667,1.482166667,6.0,0,0,1,0,1,0,1,1,8
14,1,C,1.115,0.673,0.403,0.061,841104851,,M,Low,,DA,20.0,3.0,3,34,15,34,34,DA,0.063375,0.004922842,0.078143527,,Wild,3,A,D,87,1,0,3,0.45,8,0,1,Non-Reproductive,1.051625,0.609625,0.339625,1.06425,0.58825,0.32875,0.660416667,0.660416667,6.0,0,0,1,0,1,0,1,1,8
17,1,G,0.06,0.054,0.054,0.064,841106371,,M,High,,AD,24.5,2.0,2,19,,19,,A,0.069125,0.006352903,0.088183709,,Wild,2,A,S,90,0,0,0,0.0,0,0,0,Reproductive,-0.009125,-0.015125,-0.015125,-0.0105625,-0.0170625,-0.0155625,-0.014395833,0.0,4.0,0,1,1,1,1,0,0,0,0
2,1,H,2.45,2.054,1.643,0.057,841108291,,F,Low,,DD,20.0,3.0,3,40,21,40,40,DD,0.060875,0.005710462,0.078006386,,Wild,4,A,P,74,1,0,0,0.0,0,0,0,Reproductive,2.389125,1.993125,1.582125,2.3670625,1.9860625,1.5440625,1.965729167,1.965729167,6.0,1,0,0,1,1,0,1,1,9
4,1,C,2.342,1.746,1.208,0.061,841108291,,F,Low,,DD,21.5,2.0,2,19,0,19,19,D,0.066571429,0.014646864,0.110512019,,Wild,4,A,P/G/L,81,4,1,0,0.0,0,0,0,Reproductive,2.275428571,1.679428571,1.141428571,2.257785714,1.694785714,1.118285714,1.690285714,1.690285714,4.0,0,0,0,1,1,0,1,1,9
5,1,D,0.055,0.053,0.051,0.162,841108291,,F,Low,,DD,21.5,2.0,2,5,,5,5,D,0.058285714,0.008344618,0.083319569,,Wild,4,A,P,85,3,0,0,0.0,0,0,0,Reproductive,-0.003285714,-0.005285714,-0.007285714,-0.005714286,-0.007714286,-0.007214286,-0.006880952,0.0,4.0,0,0,0,1,1,0,1,1,9
11,1,H,3.017,2.639,2.116,0.051,841108291,,F,Low,,DD,19.5,2.0,3,27,8,27,27,DD,0.05475,0.005214163,0.07039249,,Wild,4,A,P,92,0,0,0,0.0,0,0,0,Reproductive,2.96225,2.58425,2.06125,2.8620625,2.5435625,2.0480625,2.4845625,2.4845625,5.0,1,0,0,1,1,0,1,1,9
13,1,F,2.902,2.365,2.013,0.063,841108291,,F,Low,,DD,22.5,2.0,3,33,14,33,33,DD,0.0595,0.004213075,0.072139225,,Wild,4,A,P,86,0,1,2,0.0,0,0,0,Reproductive,2.8425,2.3055,1.9535,2.79975,2.22075,1.88725,2.302583333,2.302583333,5.0,1,0,0,1,1,0,1,1,9
7,1,E,0.655,0.377,0.218,0.052,841264332,,M,High,,DA,22.0,2.0,2,30,9,30,30,DA,0.055125,0.003407253,0.06534676,,Wild,1,A,S,94,0,0,1,0.0,0,0,0,Reproductive,0.599875,0.321875,0.162875,0.5948125,0.3213125,0.1628125,0.359645833,0.359645833,4.0,0,1,1,1,1,0,1,1,17
10,1,E,0.564,0.306,0.185,0.055,841264332,,M,High,,DA,23.5,2.0,3,36,15,36,36,DA,0.065125,0.005254462,0.080888387,,Wild,1,A,S,85,1,0,5,0.776,17,8,77,Reproductive,0.498875,0.240875,0.119875,0.517125,0.241125,0.125625,0.294625,0.294625,5.0,0,1,1,1,1,0,1,1,17
16,1,F,0.731,0.417,0.234,0.071,841265814,,M,Low,,DA,28.5,2.0,2,23,,23,23,D,0.0655,0.005809475,0.082928425,,Wild,3,A,S,105,1,1,0,0.0,0,0,0,Reproductive,0.6655,0.3515,0.1685,0.6666875,0.3511875,0.1711875,0.396354167,0.396354167,4.0,0,0,1,1,1,0,1,0,0
