ID,W,V,D,R,S,M,F,T,E
2,2,true,false,false,true,21.5,7.0,17.0,0.497375
3,2,false,false,false,true,22.0,7.0,17.0,0.0
4,2,false,false,false,true,23.5,7.0,14.0,0.0
5,2,true,false,false,true,24.5,8.0,17.0,1.010604167
6,2,true,false,false,true,23.5,8.0,22.0,1.049125
7,2,true,false,false,true,24.5,8.0,17.0,1.311583333
8,2,false,false,false,true,24.0,6.0,17.0,0.0
9,2,true,false,false,true,22.0,7.0,17.0,1.3614375
10,2,true,true,false,true,19.5,6.0,22.0,1.2341875
11,2,false,true,false,true,26.0,9.0,14.0,0.0
12,2,true,true,false,true,21.5,6.0,17.0,1.431041667
13,2,false,true,false,true,31.5,9.0,17.0,0.0
14,2,true,true,false,true,21.5,7.0,14.0,0.5751875
15,2,true,true,false,true,26.5,7.0,17.0,0.0
16,2,true,true,false,true,21.5,7.0,17.0,0.6398125
17,2,true,true,false,true,30.0,9.5,14.0,0.200916667
18,2,false,true,false,true,22.5,7.0,17.0,0.0
19,2,true,false,false,false,18.5,6.0,22.0,0.919083333
20,2,true,false,false,false,17.0,6.0,17.0,2.2364375
25,2,false,false,false,false,21.0,7.0,17.0,0.0
26,2,true,false,false,false,17.5,7.0,14.0,1.055395833
27,2,true,false,false,false,16.5,7.0,17.0,1.938916667
28,2,false,true,false,false,15.5,5.0,17.0,0.0
29,2,true,true,false,false,27.0,7.0,17.0,1.37875
31,2,false,true,false,false,16.0,6.0,17.0,0.0
32,2,true,true,false,false,24.5,8.0,22.0,1.6059375
33,2,true,true,false,false,19.5,7.0,17.0,0.363166667
34,2,true,true,false,false,16.5,6.0,17.0,1.545
35,2,true,true,false,false,16.5,6.0,17.0,1.429708333
36,2,false,true,false,false,18.5,6.0,14.0,0.0
37,2,false,false,false,true,28.0,9.0,14.0,0.0
38,2,true,false,false,true,26.0,8.0,17.0,1.17775
39,2,true,false,false,true,30.0,7.0,22.0,2.035416667
40,2,true,false,false,true,23.0,8.0,22.0,1.725729167
41,2,true,false,false,true,25.5,8.0,17.0,0.986604167
42,2,false,false,false,true,22.0,7.0,17.0,0.0
43,2,true,false,false,true,21.5,8.0,22.0,0.781166667
44,2,true,false,false,true,22.5,7.0,17.0,1.567958333
47,2,true,true,false,true,23.5,8.0,22.0,1.386041667
48,2,true,true,false,true,23.0,7.0,17.0,0.8415
49,2,false,true,false,true,21.5,7.0,14.0,0.0
50,2,true,true,false,true,26.0,7.0,22.0,0.9459375
51,2,true,true,false,true,20.0,7.0,17.0,1.67875
52,2,true,true,false,true,35.0,9.0,22.0,0.3418125
53,2,true,true,false,true,25.0,9.0,14.0,0.494479167
55,2,true,false,false,false,16.0,7.0,14.0,1.142104167
56,2,false,false,false,false,15.0,7.0,17.0,0.0
57,2,true,false,false,false,16.5,7.0,22.0,0.9799375
58,2,true,false,false,false,16.0,7.0,22.0,2.046395833
59,2,true,false,false,false,16.5,6.0,17.0,2.154125
60,2,false,false,false,false,16.5,7.0,14.0,0.0
61,2,true,false,false,false,17.5,7.0,22.0,1.5054375
62,2,false,false,false,false,15.5,6.0,17.0,0.0
63,2,true,false,false,false,14.0,7.0,17.0,1.226083333
64,2,true,true,false,false,19.0,7.0,22.0,1.995666667
65,2,true,true,false,false,20.0,7.0,17.0,1.24275
66,2,false,true,false,false,23.0,8.0,17.0,0.0
67,2,true,true,false,false,26.0,9.0,17.0,0.902145833
68,2,true,true,false,false,21.0,7.0,22.0,1.189666667
69,2,false,true,false,false,23.5,7.0,14.0,0.0
70,2,true,true,false,false,18.5,7.0,14.0,0.41275
71,2,false,true,false,false,19.5,7.0,17.0,0.303395833
72,2,true,true,false,false,25.5,9.0,22.0,0.612270833
835315094,1,true,false,true,false,14.5,4.0,16.0,0.687166667
835319552,1,false,false,true,true,18.5,6.0,20.0,0.0
835338025,1,true,true,true,false,22.5,5.0,14.0,0.821083333
835338101,1,true,true,true,false,24.0,4.0,19.0,1.188854167
835339783,1,false,false,true,false,22.0,6.0,48.0,0.0
835339845,1,true,true,true,true,23.5,4.0,33.0,0.196616072
835340593,1,true,true,false,true,19.0,5.0,19.0,0.351979167
835346074,1,false,true,true,true,26.0,4.0,14.0,0.0
836583578,1,true,true,false,true,19.0,4.0,36.0,0.0
836613123,1,true,true,true,true,18.0,4.0,28.0,0.9469375
836840260,1,true,false,false,true,18.5,4.0,33.0,1.298449405
836840794,1,true,false,true,true,23.0,6.0,26.0,0.9511875
836841279,1,true,false,true,false,21.0,5.0,14.0,1.546395833
836841827,1,true,false,true,true,23.0,6.0,14.0,0.976979167
836844519,1,true,true,true,true,23.0,4.0,15.0,0.097666667
836859050,1,true,true,true,true,26.0,4.0,42.0,0.326729167
836866272,1,true,true,true,false,25.5,5.0,35.0,0.22225
840121589,1,true,false,true,false,12.5,4.0,15.0,0.5891875
840280097,1,false,false,false,true,15.5,4.0,14.0,0.0
840285293,1,true,true,false,true,16.0,5.0,13.0,0.790285715
840288296,1,true,true,false,false,14.5,5.0,15.0,0.905729167
840289049,1,false,false,false,false,13.0,5.0,15.0,0.0
841074265,1,true,false,true,false,14.5,4.0,35.0,1.027020833
841076790,1,true,false,true,false,23.0,4.0,64.0,0.111285715
841077105,1,false,true,false,false,17.5,5.0,43.0,0.0
841079006,1,true,true,true,true,23.5,5.0,50.0,0.0
841079632,1,true,true,true,true,17.0,6.0,27.0,1.075229167
841089838,1,true,true,true,true,25.0,6.0,16.0,0.488770833
841090031,1,true,false,false,true,13.5,6.0,13.0,1.364020833
841092547,1,false,true,true,false,21.0,4.0,9.0,0.0
841098806,1,true,false,true,false,15.5,4.0,20.0,1.08175
841104851,1,true,false,false,true,18.0,6.0,34.0,1.482166667
841106371,1,false,true,true,true,24.5,4.0,19.0,0.0
841108291,1,true,false,true,false,21.5,4.0,19.0,1.690285714
841264332,1,true,true,true,true,22.0,4.0,36.0,0.359645833
841265814,1,true,false,true,true,28.5,4.0,23.0,0.396354167
