Plate,Measure,Row,Col_5,Col_6,Col_7,Blank,ID,Block,Sex,Diet,Treatment,Weight,Fat_Scores_Dorsal,Fat_Scores_Pelvic,days_since_1st_trt,days_since_2nd_trt,trt_history,blank_avg,blank_sd,cutoff_new,Env,grid,body_length_mm,Col_5_bcen,Col_6_bcen,Col_7_bcen,Col_5_avg,Col_6_avg,Col_7_avg,OD_avg,days_since_1st_D_inj,Boost
1,1,D,0.403,0.246,0.143,0.067,835339845,,M,High,DA,23.5,2.0,2,33,13,DA,0.070625,0.014585417,0.11438125,Wild,1,93,0.332375,0.175375,0.072375,0.339116072,0.172616072,0.078116072,0.196616072,33,No
1,1,E,2.026,1.489,0.929,0.066,835338101,,F,High,DD,25.0,2.0,3,63,44,DD,0.070625,0.014585417,0.11438125,Wild,2,90,1.955375,1.418375,0.858375,1.990116072,1.411616072,0.847116072,1.416282738,63,Yes
1,1,F,0.057,0.053,0.05,0.055,835346074,,M,High,AD,27.5,3.0,4,21,2,AD,0.070625,0.014585417,0.11438125,Wild,1,92,-0.013625,-0.017625,-0.020625,-0.008383929,-0.013883929,-0.015383929,-0.012550595,2,No
1,1,H,2.036,0.625,1.48,0.063,836840260,,M,Low,DA,18.5,2.0,2,19,0,D,0.070625,0.014585417,0.11438125,Wild,3,90,1.965375,0.554375,1.409375,1.926616072,0.555616072,1.413116072,1.298449405,19,No
2,1,C,2.29,1.593,1.027,0.055,841093014,,F,High,DD,23.0,3.0,3,29,9,DD,0.060875,0.005710462,0.078006386,Wild,2,92,2.229125,1.532125,0.966125,2.1980625,1.5060625,0.9390625,1.547729167,29,Yes
2,1,D,1.752,1.038,0.672,0.07,841079632,,M,High,DD,17.0,3.0,3,27,0,D,0.060875,0.005710462,0.078006386,Wild,2,71,1.691125,0.977125,0.611125,1.6470625,0.9860625,0.5925625,1.075229167,27,No
2,1,E,0.594,0.351,0.199,0.058,836859050,,M,High,DA,26.0,2.0,2,28,7,DA,0.060875,0.005710462,0.078006386,Wild,2,95,0.533125,0.290125,0.138125,0.5510625,0.2885625,0.1405625,0.326729167,28,No
2,1,F,2.312,1.522,1.03,0.06,836841279,,F,Low,AD,21.0,2.0,3,33,14,AD,0.060875,0.005710462,0.078006386,Wild,3,90,2.251125,1.461125,0.969125,2.2085625,1.4940625,0.9365625,1.546395833,14,No
2,1,H,2.45,2.054,1.643,0.057,841108291,,F,Low,DD,20.0,3.0,3,40,21,DD,0.060875,0.005710462,0.078006386,Wild,4,74,2.389125,1.993125,1.582125,2.3670625,1.9860625,1.5440625,1.965729167,40,Yes
3,1,C,0.713,0.396,0.232,0.06,835339845,,M,High,DA,24.5,2.0,2,21,1,DA,0.059625,0.004090767,0.071897301,Wild,1,85,0.653375,0.336375,0.172375,0.635,0.338,0.169,0.380666667,21,No
3,1,D,0.335,0.191,0.122,0.063,836859050,,M,High,DA,27.0,2.0,2,42,21,DA,0.059625,0.004090767,0.071897301,Wild,2,87,0.275375,0.131375,0.062375,0.2745,0.1335,0.061,0.156333333,42,No
3,1,E,1.148,0.7,0.384,0.064,835315094,,F,Low,DD,14.5,2.0,2,16,,D,0.059625,0.004090767,0.071897301,Wild,3,70,1.088375,0.640375,0.324375,1.107,0.626,0.3285,0.687166667,16,No
3,1,F,2.274,1.537,0.911,0.063,841104851,,M,Low,DA,18.0,3.0,3,26,7,DA,0.059625,0.004090767,0.071897301,Wild,3,81,2.214375,1.477375,0.851375,2.1425,1.4475,0.8565,1.482166667,26,No
3,1,G,0.225,0.146,0.096,0.061,836844519,,M,High,AD,23.0,2.0,2,36,15,AD,0.059625,0.004090767,0.071897301,Wild,2,100,0.165375,0.086375,0.036375,0.1685,0.086,0.0385,0.097666667,15,No
3,1,H,1.231,0.575,0.38,0.054,841079632,,M,High,DD,18.5,3.0,3,13,,D,0.059625,0.004090767,0.071897301,Wild,2,87,1.171375,0.515375,0.320375,1.1625,0.5165,0.3245,0.667833333,13,No
4,1,C,2.342,1.746,1.208,0.061,841108291,,F,Low,DD,21.5,2.0,2,19,0,D,0.066571429,0.014646864,0.110512019,Wild,4,81,2.275428571,1.679428571,1.141428571,2.257785714,1.694785714,1.118285714,1.690285714,19,No
4,1,D,0.096,0.08,0.086,0.057,841090031,,M,Low,DD,13.0,3.0,3,6,,D,0.066571429,0.014646864,0.110512019,Wild,3,70,0.029428571,0.013428571,0.019428571,0.027785714,0.010785714,0.020285714,0.019619047,6,No
4,1,E,0.051,0.05,0.052,0.063,835338025,,F,High,D,26.0,2.0,2,6,,D,0.066571429,0.014646864,0.110512019,Wild,2,90,-0.015571429,-0.016571429,-0.014571429,-0.016214286,-0.017714286,-0.016714286,-0.016880953,6,No
4,1,F,0.083,0.06,0.061,0.064,835319552,,M,Low,AD,21.0,2.0,2,27,7,AD,0.066571429,0.014646864,0.110512019,Wild,3,94,0.016428571,-0.006571429,-0.005571429,0.011285714,-0.006714286,-0.005714286,-0.000380953,7,No
4,1,G,2.739,2.374,1.598,0.058,841090031,,M,Low,DD,14.0,2.0,2,27,7,DD,0.066571429,0.014646864,0.110512019,Wild,3,68,2.672428571,2.307428571,1.531428571,2.523285714,2.199285714,1.529785714,2.084119047,27,Yes
4,1,H,0.082,0.071,0.06,0.061,836841827,,M,Low,AD,25.0,2.0,2,34,7,AD,0.066571429,0.014646864,0.110512019,Wild,4,100,0.015428571,0.004428571,-0.006571429,0.036785714,0.002285714,-0.004714286,0.011452381,7,No
5,1,C,1.074,0.65,0.38,0.051,835315094,,F,Low,DD,15.0,3.0,3,14,,D,0.058285714,0.008344618,0.083319569,Wild,3,79,1.015714286,0.591714286,0.321714286,1.059785715,0.615785715,0.338785715,0.671452381,14,No
5,1,D,0.055,0.053,0.051,0.162,841108291,,F,Low,DD,21.5,2.0,2,5,,D,0.058285714,0.008344618,0.083319569,Wild,4,85,-0.003285714,-0.005285714,-0.007285714,-0.005714286,-0.007714286,-0.007214286,-0.006880952,5,No
5,1,E,1.235,0.748,0.478,0.077,840285293,,M,High,D,16.0,3.0,2,13,,D,0.058285714,0.008344618,0.083319569,Wild,2,85,1.176714286,0.689714286,0.419714286,1.226785715,0.719285715,0.424785715,0.790285715,13,No
5,1,G,0.243,0.154,0.1,0.055,841076790,,F,Low,DA,23.0,2.0,2,64,43,DA,0.058285714,0.008344618,0.083319569,Wild,3,90,0.184714286,0.095714286,0.041714286,0.195785715,0.096285715,0.041785715,0.111285715,64,No
6,1,C,1.633,1.022,0.614,0.057,841074265,,F,Low,DA,14.5,2.0,2,30,9,DA,0.0595,0.005123475,0.074870426,Wild,3,72,1.5735,0.9625,0.5545,1.5521875,0.9686875,0.5601875,1.027020833,30,No
6,1,D,1.945,1.349,0.794,0.055,841074265,,F,Low,DA,16.0,2.0,2,35,14,DA,0.0595,0.005123475,0.074870426,Wild,3,74,1.8855,1.2895,0.7345,1.8591875,1.2481875,0.7401875,1.282520833,35,No
6,1,E,0.45,0.237,0.165,0.061,841076790,,F,Low,DA,21.0,3.0,3,8,,D,0.0595,0.005123475,0.074870426,Wild,3,80,0.3905,0.1775,0.1055,0.3956875,0.1806875,0.1106875,0.229020833,8,No
6,1,F,1.047,0.583,0.339,0.058,840121589,,F,Low,D,12.5,2.0,2,13,,D,0.0595,0.005123475,0.074870426,Wild,4,67,0.9875,0.5235,0.2795,0.9611875,0.5246875,0.2816875,0.5891875,13,No
6,1,G,2.786,2.392,1.751,0.052,836613123,,M,High,DD,20.0,3.0,2,36,8,DD,0.0595,0.005123475,0.074870426,Wild,2,85,2.7265,2.3325,1.6915,2.6966875,2.2896875,1.7096875,2.232020833,36,Yes
6,1,H,1.951,1.445,0.867,0.063,841090031,,M,Low,DD,13.5,3.0,3,13,,D,0.0595,0.005123475,0.074870426,Wild,3,79,1.8915,1.3855,0.8075,1.8931875,1.3811875,0.8176875,1.364020833,13,No
7,1,C,0.913,0.526,0.302,0.052,836859050,,M,High,DA,25.5,2.0,3,21,0,D,0.055125,0.003407253,0.06534676,Wild,2,96,0.857875,0.470875,0.246875,0.8478125,0.4723125,0.2428125,0.520979167,21,No
7,1,E,0.655,0.377,0.218,0.052,841264332,,M,High,DA,22.0,2.0,2,30,9,DA,0.055125,0.003407253,0.06534676,Wild,1,94,0.599875,0.321875,0.162875,0.5948125,0.3213125,0.1628125,0.359645833,30,No
7,1,F,1.933,1.179,0.868,0.053,835338101,,F,High,DD,27.0,2.0,2,54,35,DD,0.055125,0.003407253,0.06534676,Wild,2,90,1.877875,1.123875,0.812875,1.8888125,1.1203125,0.8063125,1.2718125,54,Yes
7,1,G,0.442,0.254,0.155,0.055,841076790,,F,Low,DA,23.0,3.0,3,29,8,DA,0.055125,0.003407253,0.06534676,Wild,3,80,0.386875,0.198875,0.099875,0.3963125,0.2018125,0.1028125,0.233645833,29,No
7,1,H,0.642,0.357,0.215,0.06,835340593,,M,High,DD,19.0,3.0,2,19,0,D,0.055125,0.003407253,0.06534676,Wild,2,81,0.586875,0.301875,0.159875,0.5913125,0.3033125,0.1613125,0.351979167,19,No
8,1,G,0.075,0.065,0.055,0.057,835318081,,M,High,D,15.5,3.0,4,6,,D,0.060375,0.005475799,0.076802397,Wild,1,80,0.014625,0.004625,-0.005375,0.0181875,0.0066875,-0.0003125,0.0081875,6,No
8,1,H,0.637,0.062,0.343,0.059,836840260,,M,Low,DA,17.0,3.0,4,12,,D,0.060375,0.005475799,0.076802397,Wild,3,80,0.576625,0.001625,0.282625,0.5921875,0.0056875,0.2886875,0.295520833,12,No
9,1,G,0.053,0.052,0.052,0.063,836841279,,F,Low,AD,21.0,3.0,4,20,1,AD,0.06525,0.011188722,0.098816166,Wild,3,82,-0.01225,-0.01325,-0.01325,-0.0125,-0.0125,-0.012,-0.012333333,1,No
10,1,C,0.628,0.353,0.197,0.069,835340593,,M,Low,DD,19.0,3.0,3,14,,D,0.065125,0.005254462,0.080888387,Wild,3,75,0.562875,0.287875,0.131875,0.569625,0.281625,0.133125,0.328125,14,No
10,1,D,0.066,0.062,0.056,0.063,841089838,,M,High,D,28.0,2.0,2,7,,D,0.065125,0.005254462,0.080888387,Wild,2,100,0.000875,-0.003125,-0.009125,-0.000375,-0.005375,-0.010375,-0.005375,7,No
10,1,E,0.564,0.306,0.185,0.055,841264332,,M,High,DA,23.5,2.0,3,36,15,DA,0.065125,0.005254462,0.080888387,Wild,1,85,0.498875,0.240875,0.119875,0.517125,0.241125,0.125625,0.294625,36,No
10,1,F,0.06,0.061,0.054,0.064,835339783,,F,Low,AD,25.0,3.0,3,50,2,AD,0.065125,0.005254462,0.080888387,Wild,4,93,-0.005125,-0.004125,-0.011125,0.000125,-0.006875,-0.012375,-0.006375,2,No
10,1,G,0.166,0.114,0.08,0.067,835346074,,M,High,AD,25.5,2.0,2,26,7,AD,0.065125,0.005254462,0.080888387,Wild,1,90,0.100875,0.048875,0.014875,0.105625,0.051125,0.012125,0.056291667,7,No
10,1,H,0.066,0.062,0.07,0.061,840121589,,F,Low,D,16.0,2.0,2,6,,D,0.065125,0.005254462,0.080888387,Wild,4,60,0.000875,-0.003125,0.004875,0.005625,-0.001875,0.004125,0.002625,6,No
11,1,C,0.239,0.144,0.092,0.052,841093014,,F,High,DD,23.5,3.0,3,21,1,DD,0.05475,0.005214163,0.07039249,Wild,2,85,0.18425,0.08925,0.03725,0.1845625,0.0900625,0.0400625,0.104895833,21,Yes
11,1,F,1.517,0.88,0.526,0.059,840288296,,F,High,D,14.5,2.0,3,15,,D,0.05475,0.005214163,0.07039249,Wild,1,85,1.46225,0.82525,0.47125,1.4200625,0.8315625,0.4655625,0.905729167,15,No
11,1,H,3.017,2.639,2.116,0.051,841108291,,F,Low,DD,19.5,2.0,3,27,8,DD,0.05475,0.005214163,0.07039249,Wild,4,92,2.96225,2.58425,2.06125,2.8620625,2.5435625,2.0480625,2.4845625,27,Yes
12,1,C,0.838,0.497,0.278,0.057,841089838,,M,High,D,25.0,3.0,3,16,,D,0.05775,0.005117372,0.073102117,Wild,2,98,0.78025,0.43925,0.22025,0.7919375,0.4469375,0.2274375,0.488770833,16,No
12,1,D,0.946,0.521,0.293,0.051,841093014,,F,High,DD,22.0,2.0,2,48,28,DD,0.05775,0.005117372,0.073102117,Wild,2,75,0.88825,0.46325,0.23525,0.8544375,0.4584375,0.2369375,0.516604167,48,Yes
12,1,E,1.965,1.279,0.762,0.051,836840260,,M,High,DA,17.0,2.0,2,26,7,DA,0.05775,0.005117372,0.073102117,Wild,2,79,1.90725,1.22125,0.70425,1.9244375,1.2279375,0.7099375,1.2874375,26,No
12,1,H,0.741,0.44,0.246,0.056,836859050,,M,High,DA,27.5,3.0,4,22,1,DA,0.05775,0.005117372,0.073102117,Wild,2,94,0.68325,0.38225,0.18825,0.6969375,0.3799375,0.1954375,0.424104167,22,No
13,1,F,2.902,2.365,2.013,0.063,841108291,,F,Low,DD,22.5,2.0,3,33,14,DD,0.0595,0.004213075,0.072139225,Wild,4,86,2.8425,2.3055,1.9535,2.79975,2.22075,1.88725,2.302583333,33,Yes
13,1,G,2.799,2.178,1.601,0.06,841090031,,M,Low,DD,15.0,2.0,3,34,14,DD,0.0595,0.004213075,0.072139225,Wild,3,70,2.7395,2.1185,1.5415,2.66775,2.11075,1.57625,2.11825,34,Yes
14,1,C,1.115,0.673,0.403,0.061,841104851,,M,Low,DA,20.0,3.0,3,34,15,DA,0.063375,0.004922842,0.078143527,Wild,3,87,1.051625,0.609625,0.339625,1.06425,0.58825,0.32875,0.660416667,34,No
14,1,D,0.26,0.163,0.105,0.065,836613123,,M,High,DD,19.0,3.0,2,7,,D,0.063375,0.004922842,0.078143527,Wild,2,82,0.196625,0.099625,0.041625,0.20475,0.10025,0.04275,0.115916667,7,No
14,1,E,2.935,2.505,2.387,0.056,841098806,,F,Low,DD,16.0,3.0,3,27,7,DD,0.063375,0.004922842,0.078143527,Wild,3,81,2.871625,2.441625,2.323625,2.89125,2.29375,2.31525,2.500083333,27,Yes
14,1,F,0.426,0.255,0.153,0.063,836866272,,F,High,DA,25.5,2.0,3,35,14,DA,0.063375,0.004922842,0.078143527,Wild,2,80,0.362625,0.191625,0.089625,0.37925,0.19275,0.09475,0.22225,35,No
14,1,G,1.289,0.853,0.489,0.066,835338025,,F,High,D,22.5,2.0,3,14,,D,0.063375,0.004922842,0.078143527,Wild,2,87,1.225625,0.789625,0.425625,1.24775,0.78475,0.43075,0.821083333,14,No
14,1,H,1.752,1.22,0.709,0.073,836840794,,M,Low,DD,28.0,3.0,3,27,1,DD,0.063375,0.004922842,0.078143527,Wild,4,94,1.688625,1.156625,0.645625,1.70275,1.14325,0.64425,1.163416667,27,Yes
15,1,C,0.727,0.43,0.239,0.088,840288296,,F,High,D,15.5,3.0,3,7,,D,0.069285714,0.01072666,0.101465693,Wild,1,83,0.657714286,0.360714286,0.169714286,0.668357143,0.342357143,0.163357143,0.391357143,7,No
15,1,E,2.157,1.561,0.914,0.059,835340593,,M,High,DD,20.0,2.0,2,26,7,DD,0.069285714,0.01072666,0.101465693,Wild,2,91,2.087714286,1.491714286,0.844714286,1.992857143,1.411857143,0.850857143,1.41852381,26,Yes
15,1,F,1.577,0.965,0.546,0.063,835340005,,M,High,DD,26.5,2.0,3,34,14,DD,0.069285714,0.01072666,0.101465693,Wild,1,99,1.507714286,0.895714286,0.476714286,1.481357143,0.870357143,0.483857143,0.945190476,34,Yes
15,1,G,0.213,0.132,0.087,0.061,841084077,,M,High,D,18.5,2.0,3,6,,D,0.069285714,0.01072666,0.101465693,Wild,1,90,0.143714286,0.062714286,0.017714286,0.151357143,0.063357143,0.019357143,0.07802381,6,No
16,1,C,1.02,0.6,0.339,0.065,836859050,,M,High,DA,28.5,3.0,3,15,,D,0.0655,0.005809475,0.082928425,Wild,2,95,0.9545,0.5345,0.2735,0.9551875,0.5326875,0.2646875,0.5841875,15,No
16,1,D,1.822,1.271,0.734,0.06,835338101,,F,High,DD,24.0,2.0,2,19,0,D,0.0655,0.005809475,0.082928425,Wild,2,85,1.7565,1.2055,0.6685,1.7316875,1.1786875,0.6561875,1.188854167,19,No
16,1,E,0.068,0.07,0.06,0.057,841079006,,M,High,D,23.5,2.0,3,50,,D,0.0655,0.005809475,0.082928425,Wild,2,90,0.0025,0.0045,-0.0055,0.0081875,0.0046875,-0.0068125,0.002020833,50,No
16,1,F,0.731,0.417,0.234,0.071,841265814,,M,Low,DA,28.5,2.0,2,23,,D,0.0655,0.005809475,0.082928425,Wild,3,105,0.6655,0.3515,0.1685,0.6666875,0.3511875,0.1711875,0.396354167,23,No
16,1,G,2.261,1.688,1.045,0.064,835315094,,F,Low,DD,17.5,3.0,2,37,16,DD,0.0655,0.005809475,0.082928425,Wild,3,80,2.1955,1.6225,0.9795,2.1336875,1.5876875,1.0011875,1.5741875,37,Yes
16,1,H,1.542,0.95,0.561,0.064,836840794,,M,Low,DD,23.0,3.0,3,26,0,D,0.0655,0.005809475,0.082928425,Wild,4,90,1.4765,0.8845,0.4955,1.4731875,0.8841875,0.4961875,0.9511875,26,No
17,1,E,0.061,0.057,0.052,0.068,836583578,,M,High,D,19.0,2.0,2,36,,D,0.069125,0.006352903,0.088183709,Wild,2,83,-0.008125,-0.012125,-0.017125,-0.0065625,-0.0150625,-0.0195625,-0.013729167,36,No
17,1,F,1.56,0.943,0.576,0.078,836613123,,M,High,DD,18.0,2.0,2,28,0,D,0.069125,0.006352903,0.088183709,Wild,2,78,1.490875,0.873875,0.506875,1.4729375,0.8629375,0.5049375,0.9469375,28,No
18,1,C,1.677,1.122,0.643,0.057,841098806,,F,Low,DD,15.5,2.0,2,20,0,D,0.0615,0.006751543,0.081754629,Wild,3,65,1.6155,1.0605,0.5815,1.631583334,1.036083334,0.577583334,1.08175,20,No
18,1,D,0.117,0.287,0.154,0.054,841076790,,F,Low,DA,21.5,2.0,2,51,30,DA,0.0615,0.006751543,0.081754629,Wild,3,92,0.0555,0.2255,0.0925,0.057583334,0.230583334,0.094583334,0.127583334,51,No
18,1,E,0.69,0.41,0.23,0.12,840121589,,F,Low,D,12.5,2.0,2,15,,D,0.0615,0.006751543,0.081754629,Wild,4,68,0.6285,0.3485,0.1685,0.653083334,0.357083334,0.172083334,0.394083334,15,No
18,1,F,1.096,0.665,0.372,0.06,835338101,,F,High,DD,21.0,2.0,3,13,,D,0.0615,0.006751543,0.081754629,Wild,2,81,1.0345,0.6035,0.3105,1.046583334,0.605583334,0.315083334,0.65575,13,No
18,1,G,0.768,0.437,0.256,0.057,835340593,,M,Low,DD,18.5,3.0,3,21,2,DD,0.0615,0.006751543,0.081754629,Wild,3,78,0.7065,0.3755,0.1945,0.723083334,0.378583334,0.198583334,0.433416667,21,Yes
18,1,H,2.757,2.404,1.744,0.311,835338101,,F,High,DD,26.0,2.0,2,33,14,DD,0.0615,0.006751543,0.081754629,Wild,2,88,2.6955,2.3425,1.6825,2.654083334,2.343083334,1.696583334,2.23125,33,Yes
19,1,C,1.931,1.263,0.79,0.069,836840260,,M,Low,DA,16.0,2.0,2,33,14,DA,0.06325,0.006057021,0.081421062,Wild,3,77,1.86775,1.19975,0.72675,1.8468125,1.1963125,0.7273125,1.2568125,33,No
19,1,D,0.72,0.428,0.242,0.062,835346074,,M,High,AD,27.0,3.0,3,33,14,AD,0.06325,0.006057021,0.081421062,Wild,1,80,0.65675,0.36475,0.17875,0.6763125,0.3648125,0.1798125,0.406979167,14,No
19,1,E,1.575,0.979,0.571,0.054,835339783,,F,Low,AD,17.5,2.0,2,63,15,AD,0.06325,0.006057021,0.081421062,Wild,4,92,1.51175,0.91575,0.50775,1.5593125,0.9393125,0.5078125,1.002145833,15,No
19,1,F,1.95,1.311,0.822,0.056,836840794,,M,Low,DD,25.0,3.0,3,40,14,DD,0.06325,0.006057021,0.081421062,Wild,4,80,1.88675,1.24775,0.75875,1.8868125,1.2383125,0.7613125,1.295479167,40,Yes
19,1,G,1.55,0.937,0.576,0.066,836841827,,M,Low,AD,23.0,3.0,3,41,14,AD,0.06325,0.006057021,0.081421062,Wild,4,89,1.48675,0.87375,0.51275,1.5053125,0.9053125,0.5203125,0.976979167,14,No
